化学品名称,危险类别,存储位置,入库数量(kg),负责人,入库日期,更新日期,安全措施,存量(kg)
液化石油气,第8类（腐蚀品）,C区-05室,721,张伟,2025-04-14,2025-04-16,防泄漏、防腐蚀,623
甲醇,第3类（易燃液体）,B区-04室,72,张伟,2025-11-20,2025-12-19,通风、防火,70
氰化物,第2.3类（毒性气体）,A区-01室,440,张伟,2025-08-08,2025-08-20,密闭储存、防毒,58
甲醇,第6.2类（感染性物质）,B区-04室,227,张伟,2025-05-21,2025-05-24,防感染、防泄漏,61
盐酸,第6.2类（感染性物质）,C区-05室,145,张伟,2025-02-22,2025-03-10,防感染、防泄漏,95
乙醇,第8类（腐蚀品）,A区-02室,990,张伟,2025-05-04,2025-05-10,防泄漏、防腐蚀,829
氰化物,第3类（易燃液体）,A区-01室,106,张伟,2025-07-06,2025-07-18,通风、防火,12
氢氧化钠,第6.1类（毒性物质）,A区-01室,240,张伟,2025-05-15,2025-05-17,防毒、防泄漏,18
盐酸,第2.3类（毒性气体）,A区-02室,812,张伟,2025-08-08,2025-08-24,密闭储存、防毒,773
乙醇,第8类（腐蚀品）,C区-05室,104,张伟,2025-02-14,2025-03-14,防泄漏、防腐蚀,78
液化石油气,第6.1类（毒性物质）,A区-01室,931,张伟,2025-11-09,2025-11-19,防毒、防泄漏,548
硝酸,第2.3类（毒性气体）,A区-01室,105,张伟,2025-06-19,2025-07-05,密闭储存、防毒,71
硫酸,第1类（爆炸品）,B区-03室,192,张伟,2025-02-28,2025-03-01,防爆、防火,14
液化石油气,第6.2类（感染性物质）,B区-03室,748,张伟,2025-01-21,2025-01-22,防感染、防泄漏,542
乙醇,第1类（爆炸品）,A区-01室,86,张伟,2025-11-16,2025-12-05,防爆、防火,56
液化石油气,第2.3类（毒性气体）,B区-04室,542,张伟,2025-05-12,2025-06-08,密闭储存、防毒,425
硝酸,第8类（腐蚀品）,C区-05室,911,张伟,2025-06-19,2025-06-24,防泄漏、防腐蚀,508
甲醇,第6.1类（毒性物质）,C区-05室,465,张伟,2025-08-16,2025-08-29,防毒、防泄漏,436
硫酸,第6.2类（感染性物质）,C区-05室,524,张伟,2025-01-24,2025-02-09,防感染、防泄漏,101
氯气,第1类（爆炸品）,B区-04室,784,张伟,2025-07-08,2025-07-08,防爆、防火,728
硫酸,第6.1类（毒性物质）,A区-01室,256,张伟,2025-07-28,2025-08-16,防毒、防泄漏,176
液化石油气,第2.3类（毒性气体）,C区-05室,124,张伟,2025-02-10,2025-03-09,密闭储存、防毒,48
氯气,第3类（易燃液体）,C区-05室,661,张伟,2025-03-31,2025-04-10,通风、防火,148
液化石油气,第3类（易燃液体）,B区-03室,621,张伟,2025-11-11,2025-12-09,通风、防火,538
盐酸,第3类（易燃液体）,A区-02室,646,张伟,2025-07-25,2025-08-22,通风、防火,265
氯气,第6.1类（毒性物质）,B区-04室,602,张伟,2025-06-30,2025-06-30,防毒、防泄漏,163
氯气,第6.1类（毒性物质）,B区-03室,853,张伟,2025-07-14,2025-07-19,防毒、防泄漏,668
甲醇,第6.1类（毒性物质）,B区-04室,991,张伟,2025-04-10,2025-05-04,防毒、防泄漏,408
氯气,第6.1类（毒性物质）,B区-04室,891,张伟,2025-05-20,2025-05-30,防毒、防泄漏,827
甲醇,第1类（爆炸品）,C区-05室,547,张伟,2025-03-27,2025-04-18,防爆、防火,9
甲醇,第2.3类（毒性气体）,C区-05室,290,张伟,2025-11-16,2025-11-27,密闭储存、防毒,249
硝酸,第6.1类（毒性物质）,B区-04室,191,张伟,2025-07-23,2025-08-19,防毒、防泄漏,21
硝酸,第8类（腐蚀品）,C区-05室,566,张伟,2025-10-31,2025-11-09,防泄漏、防腐蚀,121
硫酸,第1类（爆炸品）,A区-02室,310,张伟,2025-06-15,2025-06-29,防爆、防火,10
氰化物,第6.2类（感染性物质）,B区-03室,919,张伟,2025-09-30,2025-10-16,防感染、防泄漏,294
甲醇,第6.2类（感染性物质）,B区-04室,770,张伟,2025-03-04,2025-03-29,防感染、防泄漏,407
硝酸,第8类（腐蚀品）,A区-01室,601,张伟,2025-03-26,2025-04-03,防泄漏、防腐蚀,91
盐酸,第1类（爆炸品）,B区-03室,338,张伟,2025-08-19,2025-09-13,防爆、防火,314
硫酸,第1类（爆炸品）,B区-03室,754,张伟,2025-10-02,2025-10-02,防爆、防火,429
硫酸,第3类（易燃液体）,A区-01室,835,张伟,2025-03-02,2025-03-26,通风、防火,623
乙醇,第3类（易燃液体）,B区-03室,361,张伟,2025-01-29,2025-02-09,通风、防火,22
苯,第2.3类（毒性气体）,C区-05室,562,张伟,2025-01-13,2025-01-29,密闭储存、防毒,34
氰化物,第6.1类（毒性物质）,C区-05室,743,张伟,2025-10-11,2025-11-06,防毒、防泄漏,221
氯气,第6.1类（毒性物质）,A区-01室,599,张伟,2025-02-25,2025-03-03,防毒、防泄漏,94
氢氧化钠,第6.1类（毒性物质）,B区-04室,114,张伟,2025-01-20,2025-01-31,防毒、防泄漏,32
乙醇,第1类（爆炸品）,B区-03室,728,张伟,2025-08-12,2025-08-20,防爆、防火,630
苯,第1类（爆炸品）,C区-05室,902,张伟,2025-02-04,2025-02-26,防爆、防火,20
氰化物,第1类（爆炸品）,A区-01室,943,张伟,2025-02-20,2025-03-11,防爆、防火,467
盐酸,第6.2类（感染性物质）,C区-05室,988,张伟,2025-02-16,2025-02-28,防感染、防泄漏,561
甲醇,第1类（爆炸品）,B区-04室,792,张伟,2025-02-06,2025-02-14,防爆、防火,64
乙醇,第6.2类（感染性物质）,B区-03室,431,张伟,2025-09-27,2025-10-08,防感染、防泄漏,145
乙醇,第6.2类（感染性物质）,B区-03室,314,张伟,2025-06-28,2025-07-17,防感染、防泄漏,192
苯,第2.3类（毒性气体）,A区-01室,358,张伟,2025-08-25,2025-08-25,密闭储存、防毒,250
硝酸,第6.2类（感染性物质）,B区-03室,264,张伟,2025-10-31,2025-11-16,防感染、防泄漏,218
甲醇,第6.1类（毒性物质）,A区-01室,427,张伟,2025-04-13,2025-05-10,防毒、防泄漏,266
甲醇,第3类（易燃液体）,B区-03室,364,张伟,2025-05-16,2025-05-30,通风、防火,355
甲醇,第6.1类（毒性物质）,B区-04室,414,张伟,2025-08-10,2025-08-30,防毒、防泄漏,371
硝酸,第8类（腐蚀品）,C区-05室,617,张伟,2025-04-19,2025-05-05,防泄漏、防腐蚀,238
液化石油气,第8类（腐蚀品）,A区-02室,883,张伟,2025-02-06,2025-02-27,防泄漏、防腐蚀,413
苯,第8类（腐蚀品）,C区-05室,297,张伟,2025-08-16,2025-09-08,防泄漏、防腐蚀,34
盐酸,第1类（爆炸品）,A区-01室,926,张伟,2025-06-25,2025-07-05,防爆、防火,658
苯,第1类（爆炸品）,A区-02室,508,张伟,2025-06-13,2025-06-15,防爆、防火,204
氢氧化钠,第2.3类（毒性气体）,C区-05室,384,张伟,2025-06-15,2025-06-16,密闭储存、防毒,131
氯气,第8类（腐蚀品）,A区-02室,859,张伟,2025-04-15,2025-04-21,防泄漏、防腐蚀,238
氯气,第1类（爆炸品）,B区-03室,187,张伟,2025-10-24,2025-11-21,防爆、防火,101
盐酸,第1类（爆炸品）,A区-01室,158,张伟,2025-01-05,2025-01-28,防爆、防火,97
乙醇,第2.3类（毒性气体）,B区-04室,95,张伟,2025-11-19,2025-12-15,密闭储存、防毒,36
苯,第8类（腐蚀品）,B区-03室,932,张伟,2025-05-30,2025-06-03,防泄漏、防腐蚀,82
氰化物,第1类（爆炸品）,A区-02室,953,张伟,2025-03-17,2025-03-20,防爆、防火,51
硫酸,第3类（易燃液体）,B区-04室,234,张伟,2025-09-25,2025-10-21,通风、防火,160
氯气,第6.1类（毒性物质）,C区-05室,525,张伟,2025-03-13,2025-04-08,防毒、防泄漏,336
氰化物,第6.1类（毒性物质）,B区-04室,171,张伟,2025-06-03,2025-07-01,防毒、防泄漏,99
苯,第2.3类（毒性气体）,A区-02室,965,张伟,2025-04-02,2025-04-24,密闭储存、防毒,376
硫酸,第1类（爆炸品）,B区-04室,769,张伟,2025-03-27,2025-04-07,防爆、防火,360
甲醇,第1类（爆炸品）,A区-02室,191,张伟,2025-06-01,2025-06-14,防爆、防火,15
氰化物,第2.3类（毒性气体）,A区-01室,630,张伟,2025-08-08,2025-09-03,密闭储存、防毒,254
苯,第3类（易燃液体）,A区-02室,138,张伟,2025-02-14,2025-02-23,通风、防火,50
硝酸,第6.1类（毒性物质）,C区-05室,454,张伟,2025-05-30,2025-06-16,防毒、防泄漏,372
甲醇,第2.3类（毒性气体）,C区-05室,127,张伟,2025-11-06,2025-11-27,密闭储存、防毒,57
氯气,第1类（爆炸品）,B区-03室,705,张伟,2025-05-13,2025-05-25,防爆、防火,326
甲醇,第8类（腐蚀品）,A区-01室,766,张伟,2025-09-24,2025-10-18,防泄漏、防腐蚀,573
氯气,第3类（易燃液体）,A区-01室,224,张伟,2025-02-08,2025-02-18,通风、防火,179
氯气,第2.3类（毒性气体）,A区-02室,783,张伟,2025-10-14,2025-10-31,密闭储存、防毒,696
盐酸,第6.1类（毒性物质）,C区-05室,512,张伟,2025-02-20,2025-03-17,防毒、防泄漏,61
氰化物,第8类（腐蚀品）,B区-04室,291,张伟,2025-09-16,2025-09-25,防泄漏、防腐蚀,175
盐酸,第2.3类（毒性气体）,B区-04室,556,张伟,2025-01-12,2025-02-03,密闭储存、防毒,336
苯,第1类（爆炸品）,B区-04室,130,张伟,2025-06-10,2025-06-25,防爆、防火,65
乙醇,第6.1类（毒性物质）,B区-04室,377,张伟,2025-03-26,2025-04-20,防毒、防泄漏,27
氢氧化钠,第3类（易燃液体）,B区-03室,155,张伟,2025-02-21,2025-03-21,通风、防火,121
氢氧化钠,第2.3类（毒性气体）,B区-04室,252,张伟,2025-01-30,2025-01-30,密闭储存、防毒,197
苯,第1类（爆炸品）,B区-04室,898,张伟,2025-10-30,2025-11-29,防爆、防火,584
氯气,第2.3类（毒性气体）,A区-02室,712,张伟,2025-09-18,2025-09-19,密闭储存、防毒,329
液化石油气,第8类（腐蚀品）,A区-02室,633,张伟,2025-03-27,2025-04-01,防泄漏、防腐蚀,418
盐酸,第6.1类（毒性物质）,B区-04室,327,张伟,2025-01-15,2025-02-03,防毒、防泄漏,251
硫酸,第6.2类（感染性物质）,C区-05室,340,张伟,2025-10-22,2025-11-12,防感染、防泄漏,261
盐酸,第1类（爆炸品）,A区-02室,833,张伟,2025-10-01,2025-10-26,防爆、防火,567
氢氧化钠,第6.2类（感染性物质）,A区-02室,236,张伟,2025-10-26,2025-11-25,防感染、防泄漏,148
氰化物,第3类（易燃液体）,B区-03室,281,张伟,2025-02-08,2025-02-23,通风、防火,158
甲醇,第8类（腐蚀品）,B区-04室,537,张伟,2025-01-04,2025-01-15,防泄漏、防腐蚀,230
硫酸,第2.3类（毒性气体）,C区-05室,659,张伟,2025-09-19,2025-10-15,密闭储存、防毒,499
液化石油气,第6.1类（毒性物质）,C区-05室,748,张伟,2025-08-29,2025-09-22,防毒、防泄漏,292
氯气,第2.3类（毒性气体）,B区-04室,860,张伟,2025-07-01,2025-07-27,密闭储存、防毒,850
甲醇,第2.3类（毒性气体）,A区-02室,180,张伟,2025-05-10,2025-05-10,密闭储存、防毒,162
氢氧化钠,第3类（易燃液体）,A区-01室,609,张伟,2025-10-22,2025-11-06,通风、防火,341
硝酸,第6.2类（感染性物质）,B区-04室,804,张伟,2025-10-15,2025-11-02,防感染、防泄漏,660
氢氧化钠,第3类（易燃液体）,A区-02室,882,张伟,2025-10-08,2025-10-13,通风、防火,686
苯,第1类（爆炸品）,A区-01室,393,张伟,2025-08-02,2025-08-17,防爆、防火,369
硝酸,第6.2类（感染性物质）,B区-04室,91,张伟,2025-11-13,2025-12-02,防感染、防泄漏,70
乙醇,第6.2类（感染性物质）,B区-04室,58,张伟,2025-03-19,2025-04-14,防感染、防泄漏,29
硝酸,第2.3类（毒性气体）,A区-02室,744,张伟,2025-07-13,2025-07-30,密闭储存、防毒,179
苯,第1类（爆炸品）,B区-03室,774,张伟,2025-08-16,2025-08-31,防爆、防火,171
乙醇,第6.1类（毒性物质）,A区-01室,170,张伟,2025-04-07,2025-04-07,防毒、防泄漏,139
氯气,第6.2类（感染性物质）,C区-05室,632,张伟,2025-10-05,2025-10-12,防感染、防泄漏,318
苯,第8类（腐蚀品）,A区-02室,443,张伟,2025-01-02,2025-01-17,防泄漏、防腐蚀,145
苯,第1类（爆炸品）,B区-04室,907,张伟,2025-11-17,2025-12-03,防爆、防火,858
硝酸,第1类（爆炸品）,B区-04室,320,张伟,2025-02-26,2025-03-09,防爆、防火,278
乙醇,第3类（易燃液体）,A区-02室,614,张伟,2025-01-31,2025-02-03,通风、防火,55
硫酸,第6.2类（感染性物质）,A区-01室,406,张伟,2025-11-05,2025-11-15,防感染、防泄漏,115
氰化物,第8类（腐蚀品）,A区-02室,263,张伟,2025-03-28,2025-04-17,防泄漏、防腐蚀,0
硫酸,第6.1类（毒性物质）,B区-03室,843,张伟,2025-03-22,2025-03-29,防毒、防泄漏,707
盐酸,第6.1类（毒性物质）,A区-01室,541,张伟,2025-02-21,2025-03-07,防毒、防泄漏,39
硫酸,第2.3类（毒性气体）,C区-05室,995,张伟,2025-03-05,2025-03-25,密闭储存、防毒,749
硝酸,第8类（腐蚀品）,A区-02室,376,张伟,2025-03-12,2025-04-03,防泄漏、防腐蚀,71
硝酸,第8类（腐蚀品）,C区-05室,357,张伟,2025-08-08,2025-08-19,防泄漏、防腐蚀,21
液化石油气,第6.2类（感染性物质）,A区-02室,587,张伟,2025-07-11,2025-08-06,防感染、防泄漏,405
氯气,第1类（爆炸品）,A区-02室,229,张伟,2025-09-24,2025-10-22,防爆、防火,54
乙醇,第2.3类（毒性气体）,B区-04室,995,张伟,2025-03-26,2025-04-01,密闭储存、防毒,823
乙醇,第2.3类（毒性气体）,B区-03室,730,张伟,2025-10-15,2025-10-19,密闭储存、防毒,206
氢氧化钠,第8类（腐蚀品）,B区-03室,568,张伟,2025-10-17,2025-11-01,防泄漏、防腐蚀,516
液化石油气,第2.3类（毒性气体）,C区-05室,338,张伟,2025-05-18,2025-06-05,密闭储存、防毒,86
苯,第1类（爆炸品）,A区-02室,546,张伟,2025-04-29,2025-05-09,防爆、防火,518
液化石油气,第6.2类（感染性物质）,C区-05室,764,张伟,2025-11-14,2025-12-10,防感染、防泄漏,351
氯气,第1类（爆炸品）,C区-05室,721,张伟,2025-04-08,2025-05-04,防爆、防火,684
液化石油气,第6.2类（感染性物质）,B区-03室,193,张伟,2025-05-22,2025-06-19,防感染、防泄漏,126
硝酸,第8类（腐蚀品）,B区-03室,107,张伟,2025-02-01,2025-02-10,防泄漏、防腐蚀,91
硝酸,第2.3类（毒性气体）,B区-03室,646,张伟,2025-06-23,2025-06-25,密闭储存、防毒,286
甲醇,第1类（爆炸品）,B区-04室,225,张伟,2025-04-02,2025-04-21,防爆、防火,215
苯,第6.2类（感染性物质）,C区-05室,929,张伟,2025-07-20,2025-08-15,防感染、防泄漏,137
液化石油气,第8类（腐蚀品）,B区-03室,137,张伟,2025-05-06,2025-05-27,防泄漏、防腐蚀,75
甲醇,第3类（易燃液体）,A区-01室,854,张伟,2025-08-25,2025-09-14,通风、防火,370
氰化物,第6.2类（感染性物质）,B区-04室,659,张伟,2025-05-26,2025-06-23,防感染、防泄漏,630
氢氧化钠,第3类（易燃液体）,C区-05室,378,张伟,2025-09-02,2025-09-21,通风、防火,124
氢氧化钠,第6.1类（毒性物质）,C区-05室,967,张伟,2025-05-31,2025-06-09,防毒、防泄漏,236
氢氧化钠,第2.3类（毒性气体）,C区-05室,61,张伟,2025-07-23,2025-08-10,密闭储存、防毒,16
氢氧化钠,第3类（易燃液体）,B区-03室,262,张伟,2025-01-17,2025-02-16,通风、防火,181
盐酸,第1类（爆炸品）,A区-02室,598,张伟,2025-10-04,2025-10-07,防爆、防火,47
氢氧化钠,第2.3类（毒性气体）,A区-02室,83,张伟,2025-02-12,2025-02-24,密闭储存、防毒,54
甲醇,第3类（易燃液体）,B区-04室,400,张伟,2025-02-16,2025-03-02,通风、防火,294
氢氧化钠,第1类（爆炸品）,A区-02室,665,张伟,2025-08-29,2025-09-19,防爆、防火,614
氯气,第6.2类（感染性物质）,A区-01室,534,张伟,2025-03-19,2025-04-02,防感染、防泄漏,84
盐酸,第2.3类（毒性气体）,B区-04室,426,张伟,2025-04-05,2025-04-11,密闭储存、防毒,384
液化石油气,第2.3类（毒性气体）,C区-05室,759,张伟,2025-04-01,2025-04-27,密闭储存、防毒,380
甲醇,第1类（爆炸品）,B区-04室,74,张伟,2025-10-16,2025-11-12,防爆、防火,34
乙醇,第2.3类（毒性气体）,B区-04室,837,张伟,2025-02-16,2025-02-20,密闭储存、防毒,306
硫酸,第6.2类（感染性物质）,A区-01室,140,张伟,2025-08-27,2025-09-18,防感染、防泄漏,66
苯,第6.2类（感染性物质）,A区-02室,277,张伟,2025-11-09,2025-11-12,防感染、防泄漏,142
液化石油气,第6.1类（毒性物质）,A区-02室,809,张伟,2025-08-15,2025-08-20,防毒、防泄漏,738
盐酸,第2.3类（毒性气体）,C区-05室,617,张伟,2025-06-10,2025-06-12,密闭储存、防毒,109
乙醇,第3类（易燃液体）,B区-04室,81,张伟,2025-04-17,2025-04-26,通风、防火,1
乙醇,第8类（腐蚀品）,A区-02室,109,张伟,2025-08-25,2025-09-12,防泄漏、防腐蚀,36
苯,第2.3类（毒性气体）,C区-05室,537,张伟,2025-07-28,2025-08-22,密闭储存、防毒,284
液化石油气,第2.3类（毒性气体）,B区-04室,74,张伟,2025-06-30,2025-07-21,密闭储存、防毒,50
乙醇,第8类（腐蚀品）,B区-04室,558,张伟,2025-05-05,2025-05-11,防泄漏、防腐蚀,432
氯气,第8类（腐蚀品）,A区-02室,509,张伟,2025-07-21,2025-08-15,防泄漏、防腐蚀,104
盐酸,第3类（易燃液体）,B区-03室,135,张伟,2025-01-21,2025-02-03,通风、防火,130
乙醇,第3类（易燃液体）,A区-01室,576,张伟,2025-07-15,2025-07-29,通风、防火,60
盐酸,第1类（爆炸品）,A区-01室,96,张伟,2025-07-21,2025-08-09,防爆、防火,34
氢氧化钠,第1类（爆炸品）,B区-04室,234,张伟,2025-05-30,2025-06-17,防爆、防火,4
氢氧化钠,第6.2类（感染性物质）,A区-02室,286,张伟,2025-03-30,2025-04-04,防感染、防泄漏,222
氢氧化钠,第6.1类（毒性物质）,B区-03室,886,张伟,2025-07-12,2025-07-17,防毒、防泄漏,100
硝酸,第6.1类（毒性物质）,A区-01室,334,张伟,2025-09-11,2025-09-21,防毒、防泄漏,154
硫酸,第2.3类（毒性气体）,B区-03室,504,张伟,2025-06-12,2025-06-13,密闭储存、防毒,461
乙醇,第8类（腐蚀品）,A区-02室,378,张伟,2025-05-29,2025-06-15,防泄漏、防腐蚀,14
硫酸,第8类（腐蚀品）,B区-03室,360,张伟,2025-01-25,2025-02-04,防泄漏、防腐蚀,24
氰化物,第3类（易燃液体）,A区-02室,850,张伟,2025-09-24,2025-10-24,通风、防火,476
氯气,第1类（爆炸品）,B区-04室,813,张伟,2025-06-30,2025-07-19,防爆、防火,629
乙醇,第6.2类（感染性物质）,B区-03室,275,张伟,2025-11-17,2025-12-10,防感染、防泄漏,62
氢氧化钠,第8类（腐蚀品）,B区-03室,701,张伟,2025-07-09,2025-07-19,防泄漏、防腐蚀,7
硝酸,第1类（爆炸品）,C区-05室,487,张伟,2025-03-16,2025-04-08,防爆、防火,403
氰化物,第2.3类（毒性气体）,C区-05室,971,张伟,2025-03-27,2025-04-16,密闭储存、防毒,197
氯气,第6.2类（感染性物质）,C区-05室,697,张伟,2025-02-12,2025-02-23,防感染、防泄漏,391
甲醇,第3类（易燃液体）,A区-02室,481,张伟,2025-09-24,2025-10-06,通风、防火,71
苯,第3类（易燃液体）,C区-05室,418,张伟,2025-07-29,2025-08-06,通风、防火,44
乙醇,第1类（爆炸品）,C区-05室,895,张伟,2025-03-04,2025-03-06,防爆、防火,643
氢氧化钠,第8类（腐蚀品）,A区-01室,820,张伟,2025-09-05,2025-09-21,防泄漏、防腐蚀,410
氯气,第8类（腐蚀品）,C区-05室,545,张伟,2025-01-13,2025-01-17,防泄漏、防腐蚀,52
甲醇,第2.3类（毒性气体）,A区-02室,548,张伟,2025-11-06,2025-11-22,密闭储存、防毒,176
液化石油气,第6.2类（感染性物质）,C区-05室,711,张伟,2025-05-26,2025-06-25,防感染、防泄漏,63
乙醇,第1类（爆炸品）,B区-03室,129,张伟,2025-06-04,2025-06-15,防爆、防火,49
乙醇,第8类（腐蚀品）,B区-03室,917,张伟,2025-05-06,2025-05-27,防泄漏、防腐蚀,120
氰化物,第6.2类（感染性物质）,C区-05室,917,张伟,2025-01-17,2025-02-12,防感染、防泄漏,313
甲醇,第6.1类（毒性物质）,C区-05室,67,张伟,2025-03-16,2025-04-04,防毒、防泄漏,59
硫酸,第6.1类（毒性物质）,C区-05室,400,张伟,2025-08-21,2025-08-21,防毒、防泄漏,160
盐酸,第8类（腐蚀品）,A区-01室,82,张伟,2025-06-06,2025-07-04,防泄漏、防腐蚀,52
乙醇,第6.2类（感染性物质）,A区-01室,579,张伟,2025-10-21,2025-11-05,防感染、防泄漏,106
氰化物,第2.3类（毒性气体）,B区-04室,302,张伟,2025-02-08,2025-02-08,密闭储存、防毒,156
氰化物,第6.1类（毒性物质）,A区-01室,670,张伟,2025-02-01,2025-02-09,防毒、防泄漏,536
甲醇,第8类（腐蚀品）,A区-01室,432,张伟,2025-05-24,2025-06-13,防泄漏、防腐蚀,294
硝酸,第2.3类（毒性气体）,B区-03室,574,张伟,2025-01-21,2025-02-01,密闭储存、防毒,416
乙醇,第6.2类（感染性物质）,A区-02室,297,张伟,2025-06-09,2025-06-24,防感染、防泄漏,71
硝酸,第8类（腐蚀品）,B区-04室,796,张伟,2025-11-07,2025-11-20,防泄漏、防腐蚀,148
甲醇,第2.3类（毒性气体）,B区-04室,358,张伟,2025-09-08,2025-09-30,密闭储存、防毒,47
盐酸,第6.2类（感染性物质）,A区-01室,483,张伟,2025-03-14,2025-03-15,防感染、防泄漏,223
氰化物,第8类（腐蚀品）,B区-03室,653,张伟,2025-05-06,2025-05-19,防泄漏、防腐蚀,242
盐酸,第2.3类（毒性气体）,A区-02室,255,张伟,2025-03-05,2025-03-18,密闭储存、防毒,154
液化石油气,第8类（腐蚀品）,A区-02室,369,张伟,2025-09-11,2025-09-15,防泄漏、防腐蚀,136
苯,第6.1类（毒性物质）,C区-05室,240,张伟,2025-08-02,2025-08-13,防毒、防泄漏,220
氢氧化钠,第6.2类（感染性物质）,A区-02室,510,张伟,2025-08-08,2025-08-25,防感染、防泄漏,151
甲醇,第2.3类（毒性气体）,C区-05室,284,张伟,2025-11-26,2025-12-10,密闭储存、防毒,217
苯,第6.2类（感染性物质）,B区-04室,277,张伟,2025-09-01,2025-10-01,防感染、防泄漏,168
硫酸,第3类（易燃液体）,B区-04室,336,张伟,2025-01-25,2025-01-29,通风、防火,99
液化石油气,第3类（易燃液体）,A区-01室,972,张伟,2025-10-17,2025-10-23,通风、防火,459
氢氧化钠,第6.2类（感染性物质）,A区-02室,689,张伟,2025-02-19,2025-03-17,防感染、防泄漏,287
液化石油气,第1类（爆炸品）,C区-05室,644,张伟,2025-07-29,2025-08-06,防爆、防火,407
盐酸,第2.3类（毒性气体）,C区-05室,833,张伟,2025-04-11,2025-04-29,密闭储存、防毒,231
乙醇,第6.1类（毒性物质）,A区-01室,379,张伟,2025-07-29,2025-08-13,防毒、防泄漏,225
液化石油气,第6.2类（感染性物质）,B区-04室,373,张伟,2025-02-06,2025-03-02,防感染、防泄漏,60
甲醇,第3类（易燃液体）,B区-03室,520,张伟,2025-02-21,2025-03-05,通风、防火,448
硫酸,第2.3类（毒性气体）,B区-03室,354,张伟,2025-09-27,2025-10-23,密闭储存、防毒,20
氰化物,第3类（易燃液体）,B区-03室,439,张伟,2025-03-09,2025-04-07,通风、防火,103
苯,第8类（腐蚀品）,A区-01室,550,张伟,2025-01-16,2025-01-25,防泄漏、防腐蚀,494
氢氧化钠,第3类（易燃液体）,A区-02室,567,张伟,2025-01-01,2025-01-19,通风、防火,458
硫酸,第8类（腐蚀品）,C区-05室,393,张伟,2025-07-05,2025-07-15,防泄漏、防腐蚀,307
苯,第2.3类（毒性气体）,C区-05室,222,张伟,2025-06-09,2025-06-16,密闭储存、防毒,133
盐酸,第2.3类（毒性气体）,A区-01室,318,张伟,2025-06-15,2025-07-03,密闭储存、防毒,189
乙醇,第1类（爆炸品）,B区-03室,267,张伟,2025-02-21,2025-03-08,防爆、防火,17
硫酸,第2.3类（毒性气体）,A区-02室,662,张伟,2025-03-06,2025-03-17,密闭储存、防毒,197
硫酸,第3类（易燃液体）,B区-04室,493,张伟,2025-02-12,2025-02-27,通风、防火,70
液化石油气,第6.2类（感染性物质）,C区-05室,670,张伟,2025-07-11,2025-07-18,防感染、防泄漏,387
甲醇,第1类（爆炸品）,C区-05室,97,张伟,2025-04-29,2025-05-25,防爆、防火,96
硝酸,第1类（爆炸品）,B区-04室,856,张伟,2025-10-16,2025-11-06,防爆、防火,213
盐酸,第2.3类（毒性气体）,C区-05室,365,张伟,2025-11-05,2025-11-17,密闭储存、防毒,327
硝酸,第8类（腐蚀品）,C区-05室,538,张伟,2025-08-19,2025-08-20,防泄漏、防腐蚀,472
氯气,第6.1类（毒性物质）,C区-05室,68,张伟,2025-09-23,2025-10-07,防毒、防泄漏,45
盐酸,第6.1类（毒性物质）,C区-05室,291,张伟,2025-11-05,2025-11-15,防毒、防泄漏,93
氯气,第8类（腐蚀品）,A区-02室,490,张伟,2025-08-25,2025-09-23,防泄漏、防腐蚀,85
甲醇,第1类（爆炸品）,B区-04室,376,张伟,2025-02-04,2025-02-10,防爆、防火,127
氯气,第6.1类（毒性物质）,A区-02室,922,张伟,2025-10-17,2025-10-22,防毒、防泄漏,236
硫酸,第6.2类（感染性物质）,C区-05室,474,张伟,2025-11-28,2025-12-01,防感染、防泄漏,194
乙醇,第6.2类（感染性物质）,B区-03室,835,张伟,2025-07-31,2025-08-24,防感染、防泄漏,734
氯气,第8类（腐蚀品）,B区-04室,838,张伟,2025-11-15,2025-11-28,防泄漏、防腐蚀,466
硫酸,第8类（腐蚀品）,B区-04室,499,张伟,2025-08-12,2025-08-13,防泄漏、防腐蚀,73
氰化物,第2.3类（毒性气体）,B区-03室,441,张伟,2025-02-28,2025-03-12,密闭储存、防毒,388
液化石油气,第8类（腐蚀品）,B区-03室,366,张伟,2025-04-21,2025-05-16,防泄漏、防腐蚀,341
氰化物,第6.2类（感染性物质）,B区-03室,995,张伟,2025-05-28,2025-06-08,防感染、防泄漏,545
盐酸,第6.2类（感染性物质）,A区-01室,100,张伟,2025-02-15,2025-02-19,防感染、防泄漏,61
苯,第6.1类（毒性物质）,A区-01室,74,张伟,2025-04-24,2025-05-14,防毒、防泄漏,72
盐酸,第1类（爆炸品）,A区-02室,360,张伟,2025-01-22,2025-02-16,防爆、防火,100
乙醇,第2.3类（毒性气体）,A区-01室,775,张伟,2025-04-01,2025-04-10,密闭储存、防毒,287
硫酸,第2.3类（毒性气体）,B区-04室,686,张伟,2025-06-07,2025-06-30,密闭储存、防毒,257
硫酸,第2.3类（毒性气体）,B区-03室,944,张伟,2025-06-21,2025-06-30,密闭储存、防毒,729
氰化物,第8类（腐蚀品）,A区-02室,364,张伟,2025-09-16,2025-09-22,防泄漏、防腐蚀,46
乙醇,第6.2类（感染性物质）,B区-03室,291,张伟,2025-03-05,2025-04-01,防感染、防泄漏,163
液化石油气,第3类（易燃液体）,C区-05室,140,张伟,2025-05-01,2025-05-30,通风、防火,15
苯,第3类（易燃液体）,A区-01室,591,张伟,2025-11-15,2025-11-28,通风、防火,221
氯气,第8类（腐蚀品）,A区-02室,724,张伟,2025-06-19,2025-06-29,防泄漏、防腐蚀,551
硝酸,第3类（易燃液体）,B区-03室,756,张伟,2025-05-18,2025-05-24,通风、防火,215
硫酸,第8类（腐蚀品）,B区-03室,352,张伟,2025-04-24,2025-04-29,防泄漏、防腐蚀,330
氰化物,第3类（易燃液体）,C区-05室,832,张伟,2025-03-19,2025-04-17,通风、防火,146
氰化物,第1类（爆炸品）,B区-04室,823,张伟,2025-02-10,2025-03-09,防爆、防火,458
氢氧化钠,第3类（易燃液体）,A区-02室,991,张伟,2025-03-09,2025-04-06,通风、防火,51
硫酸,第6.1类（毒性物质）,A区-01室,448,张伟,2025-04-11,2025-04-15,防毒、防泄漏,15
氯气,第6.2类（感染性物质）,A区-01室,873,张伟,2025-08-08,2025-08-21,防感染、防泄漏,665
液化石油气,第6.1类（毒性物质）,C区-05室,313,张伟,2025-02-25,2025-02-27,防毒、防泄漏,270
氰化物,第1类（爆炸品）,B区-04室,716,张伟,2025-10-03,2025-10-08,防爆、防火,174
硝酸,第6.1类（毒性物质）,B区-03室,770,张伟,2025-07-13,2025-07-22,防毒、防泄漏,590
氯气,第6.1类（毒性物质）,A区-01室,934,张伟,2025-05-08,2025-05-21,防毒、防泄漏,312
氯气,第1类（爆炸品）,A区-02室,580,张伟,2025-07-02,2025-07-26,防爆、防火,459
氰化物,第6.2类（感染性物质）,A区-02室,520,张伟,2025-01-03,2025-01-13,防感染、防泄漏,147
甲醇,第3类（易燃液体）,B区-03室,743,张伟,2025-02-04,2025-02-27,通风、防火,268
液化石油气,第6.2类（感染性物质）,A区-01室,65,张伟,2025-02-13,2025-02-23,防感染、防泄漏,10
乙醇,第8类（腐蚀品）,B区-03室,624,张伟,2025-10-21,2025-11-19,防泄漏、防腐蚀,400
氰化物,第8类（腐蚀品）,B区-03室,777,张伟,2025-04-20,2025-05-06,防泄漏、防腐蚀,396
乙醇,第3类（易燃液体）,C区-05室,442,张伟,2025-03-05,2025-04-04,通风、防火,114
硫酸,第6.2类（感染性物质）,A区-01室,309,张伟,2025-06-24,2025-07-24,防感染、防泄漏,281
硫酸,第6.1类（毒性物质）,A区-01室,326,张伟,2025-04-06,2025-04-22,防毒、防泄漏,132
氢氧化钠,第1类（爆炸品）,B区-04室,86,张伟,2025-01-09,2025-01-17,防爆、防火,86
盐酸,第8类（腐蚀品）,B区-04室,611,张伟,2025-07-24,2025-08-18,防泄漏、防腐蚀,528
苯,第8类（腐蚀品）,A区-02室,964,张伟,2025-06-28,2025-07-07,防泄漏、防腐蚀,792
液化石油气,第8类（腐蚀品）,B区-03室,459,张伟,2025-09-06,2025-09-15,防泄漏、防腐蚀,231
氯气,第6.1类（毒性物质）,B区-04室,482,张伟,2025-01-20,2025-02-09,防毒、防泄漏,62
盐酸,第6.1类（毒性物质）,A区-01室,444,张伟,2025-03-26,2025-04-25,防毒、防泄漏,171
硫酸,第3类（易燃液体）,C区-05室,734,张伟,2025-10-06,2025-10-20,通风、防火,345
乙醇,第3类（易燃液体）,A区-01室,145,张伟,2025-09-24,2025-10-15,通风、防火,140
盐酸,第3类（易燃液体）,C区-05室,753,张伟,2025-07-19,2025-08-13,通风、防火,569
氰化物,第6.2类（感染性物质）,A区-02室,972,张伟,2025-10-19,2025-11-18,防感染、防泄漏,653
氢氧化钠,第6.1类（毒性物质）,C区-05室,447,张伟,2025-02-26,2025-03-23,防毒、防泄漏,40
苯,第6.1类（毒性物质）,B区-03室,595,张伟,2025-07-05,2025-07-08,防毒、防泄漏,168
氯气,第2.3类（毒性气体）,B区-04室,855,张伟,2025-03-02,2025-03-10,密闭储存、防毒,282
氯气,第6.2类（感染性物质）,A区-02室,199,张伟,2025-11-26,2025-11-29,防感染、防泄漏,105
液化石油气,第1类（爆炸品）,A区-02室,794,张伟,2025-09-19,2025-10-15,防爆、防火,572
氯气,第2.3类（毒性气体）,A区-02室,249,张伟,2025-02-10,2025-02-14,密闭储存、防毒,131
盐酸,第1类（爆炸品）,C区-05室,596,张伟,2025-03-05,2025-04-03,防爆、防火,163
液化石油气,第1类（爆炸品）,B区-04室,462,张伟,2025-11-30,2025-12-16,防爆、防火,59
氯气,第1类（爆炸品）,A区-01室,929,张伟,2025-11-17,2025-12-06,防爆、防火,192
苯,第6.2类（感染性物质）,A区-01室,242,张伟,2025-05-18,2025-05-26,防感染、防泄漏,87
氢氧化钠,第2.3类（毒性气体）,B区-04室,340,张伟,2025-07-01,2025-07-18,密闭储存、防毒,335
甲醇,第3类（易燃液体）,A区-02室,291,张伟,2025-11-28,2025-12-17,通风、防火,191
氯气,第6.1类（毒性物质）,A区-02室,401,张伟,2025-11-09,2025-12-04,防毒、防泄漏,240
液化石油气,第8类（腐蚀品）,A区-01室,399,张伟,2025-09-07,2025-09-18,防泄漏、防腐蚀,75
硝酸,第6.2类（感染性物质）,B区-03室,231,张伟,2025-03-18,2025-03-20,防感染、防泄漏,132
乙醇,第6.2类（感染性物质）,C区-05室,307,张伟,2025-06-11,2025-06-13,防感染、防泄漏,225
氯气,第6.1类（毒性物质）,A区-01室,726,张伟,2025-02-28,2025-03-26,防毒、防泄漏,407
硫酸,第6.1类（毒性物质）,A区-02室,419,张伟,2025-07-30,2025-08-28,防毒、防泄漏,107
盐酸,第8类（腐蚀品）,B区-04室,466,张伟,2025-03-30,2025-04-01,防泄漏、防腐蚀,70
苯,第1类（爆炸品）,B区-03室,81,张伟,2025-09-10,2025-09-19,防爆、防火,51
硫酸,第1类（爆炸品）,A区-02室,480,张伟,2025-05-12,2025-05-18,防爆、防火,470
氢氧化钠,第3类（易燃液体）,B区-04室,423,张伟,2025-11-14,2025-12-11,通风、防火,55
氯气,第3类（易燃液体）,B区-04室,62,张伟,2025-03-11,2025-03-14,通风、防火,20
硫酸,第2.3类（毒性气体）,B区-04室,745,张伟,2025-07-09,2025-07-29,密闭储存、防毒,480
甲醇,第1类（爆炸品）,C区-05室,114,张伟,2025-11-11,2025-11-20,防爆、防火,7
乙醇,第1类（爆炸品）,B区-03室,288,张伟,2025-10-08,2025-10-21,防爆、防火,42
甲醇,第2.3类（毒性气体）,B区-04室,388,张伟,2025-10-06,2025-10-19,密闭储存、防毒,114
液化石油气,第2.3类（毒性气体）,A区-01室,688,张伟,2025-05-10,2025-06-09,密闭储存、防毒,678
氯气,第6.2类（感染性物质）,A区-02室,947,张伟,2025-06-25,2025-07-05,防感染、防泄漏,816
硫酸,第6.1类（毒性物质）,B区-03室,287,张伟,2025-11-25,2025-12-03,防毒、防泄漏,231
盐酸,第2.3类（毒性气体）,C区-05室,322,张伟,2025-02-04,2025-03-05,密闭储存、防毒,229
苯,第8类（腐蚀品）,A区-02室,516,张伟,2025-05-22,2025-06-15,防泄漏、防腐蚀,16
硫酸,第1类（爆炸品）,A区-01室,605,张伟,2025-06-29,2025-07-11,防爆、防火,390
液化石油气,第3类（易燃液体）,C区-05室,168,张伟,2025-03-28,2025-04-20,通风、防火,167
氢氧化钠,第8类（腐蚀品）,B区-03室,97,张伟,2025-02-04,2025-02-25,防泄漏、防腐蚀,79
硫酸,第6.2类（感染性物质）,B区-03室,855,张伟,2025-07-12,2025-08-04,防感染、防泄漏,712
氰化物,第8类（腐蚀品）,A区-02室,659,张伟,2025-09-21,2025-09-26,防泄漏、防腐蚀,388
液化石油气,第2.3类（毒性气体）,C区-05室,194,张伟,2025-04-28,2025-05-19,密闭储存、防毒,17
液化石油气,第6.2类（感染性物质）,C区-05室,790,张伟,2025-06-13,2025-06-29,防感染、防泄漏,659
硫酸,第2.3类（毒性气体）,B区-04室,676,张伟,2025-08-08,2025-09-06,密闭储存、防毒,516
液化石油气,第2.3类（毒性气体）,A区-01室,903,张伟,2025-11-27,2025-12-04,密闭储存、防毒,787
氰化物,第8类（腐蚀品）,B区-04室,498,张伟,2025-05-22,2025-06-10,防泄漏、防腐蚀,468
氰化物,第8类（腐蚀品）,C区-05室,76,张伟,2025-02-26,2025-03-15,防泄漏、防腐蚀,60
液化石油气,第6.2类（感染性物质）,A区-01室,169,张伟,2025-01-16,2025-02-10,防感染、防泄漏,79
硝酸,第6.2类（感染性物质）,A区-02室,662,张伟,2025-10-01,2025-10-13,防感染、防泄漏,107
硝酸,第6.1类（毒性物质）,B区-04室,333,张伟,2025-06-25,2025-07-18,防毒、防泄漏,12
苯,第2.3类（毒性气体）,B区-04室,780,张伟,2025-05-15,2025-06-11,密闭储存、防毒,96
硝酸,第6.1类（毒性物质）,A区-02室,786,张伟,2025-08-28,2025-09-08,防毒、防泄漏,506
硝酸,第2.3类（毒性气体）,A区-01室,571,张伟,2025-09-12,2025-09-16,密闭储存、防毒,515
氰化物,第2.3类（毒性气体）,A区-01室,660,张伟,2025-08-03,2025-08-31,密闭储存、防毒,431
液化石油气,第2.3类（毒性气体）,A区-01室,254,张伟,2025-10-03,2025-10-30,密闭储存、防毒,151
氢氧化钠,第6.1类（毒性物质）,C区-05室,686,张伟,2025-08-13,2025-08-14,防毒、防泄漏,498
乙醇,第2.3类（毒性气体）,A区-01室,71,张伟,2025-03-03,2025-03-20,密闭储存、防毒,41
甲醇,第2.3类（毒性气体）,C区-05室,711,张伟,2025-02-01,2025-03-03,密闭储存、防毒,356
硝酸,第8类（腐蚀品）,C区-05室,264,张伟,2025-04-13,2025-04-19,防泄漏、防腐蚀,204
氢氧化钠,第2.3类（毒性气体）,C区-05室,265,张伟,2025-06-30,2025-07-19,密闭储存、防毒,240
氰化物,第6.2类（感染性物质）,B区-03室,240,张伟,2025-02-08,2025-02-08,防感染、防泄漏,168
氰化物,第2.3类（毒性气体）,A区-02室,65,张伟,2025-02-17,2025-03-12,密闭储存、防毒,25
硫酸,第6.1类（毒性物质）,A区-01室,670,张伟,2025-06-09,2025-06-16,防毒、防泄漏,173
氢氧化钠,第6.1类（毒性物质）,C区-05室,484,张伟,2025-04-05,2025-04-25,防毒、防泄漏,37
氯气,第6.1类（毒性物质）,B区-04室,58,张伟,2025-07-02,2025-07-02,防毒、防泄漏,24
液化石油气,第1类（爆炸品）,B区-04室,334,张伟,2025-09-03,2025-09-18,防爆、防火,242
乙醇,第3类（易燃液体）,A区-01室,650,张伟,2025-04-23,2025-05-01,通风、防火,354
液化石油气,第3类（易燃液体）,A区-02室,460,张伟,2025-04-13,2025-04-25,通风、防火,177
氢氧化钠,第6.1类（毒性物质）,A区-01室,937,张伟,2025-07-02,2025-07-29,防毒、防泄漏,849
硫酸,第6.2类（感染性物质）,A区-02室,53,张伟,2025-06-29,2025-07-11,防感染、防泄漏,21
乙醇,第6.1类（毒性物质）,C区-05室,934,张伟,2025-09-04,2025-10-01,防毒、防泄漏,913
苯,第1类（爆炸品）,C区-05室,904,张伟,2025-02-06,2025-02-08,防爆、防火,488
氯气,第6.2类（感染性物质）,A区-01室,256,张伟,2025-06-05,2025-06-27,防感染、防泄漏,191
液化石油气,第8类（腐蚀品）,B区-04室,480,张伟,2025-11-27,2025-11-30,防泄漏、防腐蚀,139
硝酸,第1类（爆炸品）,C区-05室,918,张伟,2025-10-29,2025-11-19,防爆、防火,489
盐酸,第3类（易燃液体）,B区-04室,229,张伟,2025-11-30,2025-12-05,通风、防火,57
液化石油气,第6.1类（毒性物质）,B区-03室,704,张伟,2025-04-09,2025-04-14,防毒、防泄漏,613
硝酸,第2.3类（毒性气体）,B区-04室,133,张伟,2025-02-06,2025-02-23,密闭储存、防毒,83
苯,第6.2类（感染性物质）,C区-05室,940,张伟,2025-05-23,2025-05-28,防感染、防泄漏,414
苯,第8类（腐蚀品）,B区-03室,92,张伟,2025-11-13,2025-12-09,防泄漏、防腐蚀,6
氢氧化钠,第3类（易燃液体）,A区-02室,928,张伟,2025-10-15,2025-10-27,通风、防火,353
氰化物,第3类（易燃液体）,C区-05室,334,张伟,2025-08-29,2025-08-31,通风、防火,173
硝酸,第3类（易燃液体）,B区-03室,365,张伟,2025-10-21,2025-10-31,通风、防火,291
苯,第8类（腐蚀品）,C区-05室,742,张伟,2025-07-19,2025-07-21,防泄漏、防腐蚀,718
氯气,第3类（易燃液体）,B区-04室,405,张伟,2025-11-01,2025-11-30,通风、防火,209
盐酸,第6.1类（毒性物质）,C区-05室,77,张伟,2025-01-04,2025-01-20,防毒、防泄漏,73
氯气,第6.1类（毒性物质）,B区-04室,171,张伟,2025-05-13,2025-06-11,防毒、防泄漏,5
硝酸,第8类（腐蚀品）,A区-01室,481,张伟,2025-10-02,2025-10-17,防泄漏、防腐蚀,191
盐酸,第6.2类（感染性物质）,B区-04室,445,张伟,2025-07-22,2025-08-01,防感染、防泄漏,380
硝酸,第2.3类（毒性气体）,A区-01室,882,张伟,2025-07-03,2025-07-08,密闭储存、防毒,564
苯,第8类（腐蚀品）,A区-01室,65,张伟,2025-02-07,2025-02-27,防泄漏、防腐蚀,55
硫酸,第3类（易燃液体）,A区-02室,58,张伟,2025-02-14,2025-02-21,通风、防火,3
甲醇,第1类（爆炸品）,A区-02室,304,张伟,2025-05-19,2025-06-17,防爆、防火,170
氰化物,第2.3类（毒性气体）,A区-01室,74,张伟,2025-07-28,2025-08-05,密闭储存、防毒,19
氢氧化钠,第1类（爆炸品）,A区-01室,716,张伟,2025-03-12,2025-04-06,防爆、防火,401
液化石油气,第2.3类（毒性气体）,B区-04室,188,张伟,2025-01-06,2025-02-01,密闭储存、防毒,115
甲醇,第8类（腐蚀品）,B区-03室,670,张伟,2025-11-17,2025-12-05,防泄漏、防腐蚀,43
氢氧化钠,第6.2类（感染性物质）,C区-05室,248,张伟,2025-03-24,2025-04-14,防感染、防泄漏,29
氯气,第6.2类（感染性物质）,A区-01室,314,张伟,2025-06-29,2025-07-25,防感染、防泄漏,312
氰化物,第2.3类（毒性气体）,A区-02室,727,张伟,2025-03-06,2025-03-25,密闭储存、防毒,178
甲醇,第3类（易燃液体）,C区-05室,743,张伟,2025-01-05,2025-01-05,通风、防火,698
氰化物,第3类（易燃液体）,A区-02室,833,张伟,2025-10-16,2025-10-27,通风、防火,459
氯气,第3类（易燃液体）,B区-03室,702,张伟,2025-11-11,2025-12-10,通风、防火,575
苯,第6.1类（毒性物质）,A区-02室,720,张伟,2025-09-20,2025-10-04,防毒、防泄漏,34
苯,第6.2类（感染性物质）,B区-03室,678,张伟,2025-05-06,2025-05-07,防感染、防泄漏,60
液化石油气,第6.2类（感染性物质）,B区-03室,617,张伟,2025-02-27,2025-02-28,防感染、防泄漏,189
氯气,第8类（腐蚀品）,B区-04室,227,张伟,2025-08-23,2025-08-29,防泄漏、防腐蚀,156
苯,第3类（易燃液体）,B区-03室,631,张伟,2025-06-28,2025-07-01,通风、防火,97
液化石油气,第6.2类（感染性物质）,B区-03室,678,张伟,2025-01-23,2025-02-07,防感染、防泄漏,193
盐酸,第6.2类（感染性物质）,B区-04室,253,张伟,2025-06-14,2025-06-25,防感染、防泄漏,156
甲醇,第1类（爆炸品）,A区-01室,628,张伟,2025-07-01,2025-07-07,防爆、防火,269
液化石油气,第3类（易燃液体）,A区-02室,680,张伟,2025-07-07,2025-07-29,通风、防火,387
氯气,第6.1类（毒性物质）,B区-04室,970,张伟,2025-08-14,2025-08-20,防毒、防泄漏,181
乙醇,第8类（腐蚀品）,B区-03室,337,张伟,2025-07-05,2025-07-20,防泄漏、防腐蚀,189
氢氧化钠,第6.2类（感染性物质）,A区-01室,367,张伟,2025-07-13,2025-07-17,防感染、防泄漏,143
液化石油气,第2.3类（毒性气体）,A区-02室,615,张伟,2025-11-01,2025-11-28,密闭储存、防毒,16
液化石油气,第2.3类（毒性气体）,A区-02室,413,张伟,2025-07-21,2025-07-31,密闭储存、防毒,244
氢氧化钠,第6.1类（毒性物质）,C区-05室,433,张伟,2025-03-23,2025-04-03,防毒、防泄漏,175
苯,第6.1类（毒性物质）,B区-03室,694,张伟,2025-07-18,2025-07-23,防毒、防泄漏,474
盐酸,第3类（易燃液体）,B区-03室,526,张伟,2025-08-17,2025-09-07,通风、防火,326
甲醇,第1类（爆炸品）,B区-04室,419,张伟,2025-07-05,2025-07-27,防爆、防火,318
乙醇,第6.1类（毒性物质）,B区-03室,605,张伟,2025-09-03,2025-09-25,防毒、防泄漏,11
硝酸,第2.3类（毒性气体）,B区-04室,817,张伟,2025-04-07,2025-04-21,密闭储存、防毒,385
液化石油气,第6.1类（毒性物质）,B区-04室,79,张伟,2025-11-15,2025-12-12,防毒、防泄漏,5
硫酸,第6.1类（毒性物质）,B区-04室,552,张伟,2025-05-23,2025-06-11,防毒、防泄漏,443
乙醇,第8类（腐蚀品）,B区-03室,303,张伟,2025-08-12,2025-08-19,防泄漏、防腐蚀,41
甲醇,第3类（易燃液体）,A区-02室,487,张伟,2025-10-30,2025-11-11,通风、防火,52
乙醇,第8类（腐蚀品）,A区-02室,478,张伟,2025-10-19,2025-10-23,防泄漏、防腐蚀,427
甲醇,第1类（爆炸品）,B区-04室,449,张伟,2025-05-27,2025-06-11,防爆、防火,355
氯气,第3类（易燃液体）,B区-04室,907,张伟,2025-10-14,2025-10-20,通风、防火,229
氯气,第3类（易燃液体）,B区-03室,497,张伟,2025-01-30,2025-02-27,通风、防火,19
氰化物,第6.2类（感染性物质）,A区-02室,389,张伟,2025-01-11,2025-02-09,防感染、防泄漏,300
盐酸,第6.2类（感染性物质）,A区-01室,585,张伟,2025-04-14,2025-04-22,防感染、防泄漏,42
液化石油气,第1类（爆炸品）,A区-02室,71,张伟,2025-05-28,2025-06-07,防爆、防火,17
苯,第1类（爆炸品）,A区-01室,679,张伟,2025-05-31,2025-06-05,防爆、防火,544
氯气,第8类（腐蚀品）,A区-02室,404,张伟,2025-06-13,2025-06-20,防泄漏、防腐蚀,101
氢氧化钠,第3类（易燃液体）,B区-03室,460,张伟,2025-04-13,2025-05-09,通风、防火,59
液化石油气,第2.3类（毒性气体）,B区-03室,345,张伟,2025-11-15,2025-12-07,密闭储存、防毒,197
硝酸,第2.3类（毒性气体）,A区-02室,64,张伟,2025-05-11,2025-05-25,密闭储存、防毒,11
苯,第6.2类（感染性物质）,B区-04室,697,张伟,2025-04-18,2025-04-22,防感染、防泄漏,61
盐酸,第1类（爆炸品）,A区-02室,288,张伟,2025-06-07,2025-06-10,防爆、防火,45
甲醇,第3类（易燃液体）,C区-05室,115,张伟,2025-09-17,2025-10-07,通风、防火,9
硫酸,第1类（爆炸品）,B区-03室,402,张伟,2025-06-30,2025-07-12,防爆、防火,393
液化石油气,第3类（易燃液体）,A区-01室,653,张伟,2025-10-27,2025-11-22,通风、防火,446
盐酸,第8类（腐蚀品）,A区-01室,454,张伟,2025-05-06,2025-05-28,防泄漏、防腐蚀,39
甲醇,第2.3类（毒性气体）,A区-02室,542,张伟,2025-05-01,2025-05-17,密闭储存、防毒,252
氯气,第6.2类（感染性物质）,B区-04室,149,张伟,2025-01-06,2025-02-02,防感染、防泄漏,18
氢氧化钠,第2.3类（毒性气体）,C区-05室,303,张伟,2025-06-12,2025-07-07,密闭储存、防毒,147
苯,第1类（爆炸品）,B区-04室,935,张伟,2025-09-23,2025-10-23,防爆、防火,798
氰化物,第2.3类（毒性气体）,B区-04室,554,张伟,2025-07-06,2025-08-05,密闭储存、防毒,185
盐酸,第1类（爆炸品）,A区-02室,178,张伟,2025-03-29,2025-04-27,防爆、防火,51
液化石油气,第2.3类（毒性气体）,A区-01室,109,张伟,2025-06-14,2025-07-10,密闭储存、防毒,108
氯气,第1类（爆炸品）,B区-04室,371,张伟,2025-10-20,2025-11-08,防爆、防火,60
盐酸,第8类（腐蚀品）,B区-04室,392,张伟,2025-09-18,2025-10-15,防泄漏、防腐蚀,179
液化石油气,第6.2类（感染性物质）,C区-05室,690,张伟,2025-07-08,2025-08-07,防感染、防泄漏,123
乙醇,第3类（易燃液体）,B区-04室,777,张伟,2025-06-11,2025-07-10,通风、防火,50
液化石油气,第8类（腐蚀品）,B区-03室,938,张伟,2025-04-08,2025-04-21,防泄漏、防腐蚀,555
硝酸,第1类（爆炸品）,C区-05室,716,张伟,2025-05-29,2025-06-19,防爆、防火,452
苯,第6.2类（感染性物质）,B区-04室,519,张伟,2025-11-02,2025-11-12,防感染、防泄漏,47
乙醇,第1类（爆炸品）,A区-01室,837,张伟,2025-03-08,2025-04-06,防爆、防火,487
盐酸,第1类（爆炸品）,A区-02室,413,张伟,2025-01-05,2025-01-05,防爆、防火,174
硫酸,第1类（爆炸品）,C区-05室,205,张伟,2025-06-27,2025-07-06,防爆、防火,189
氯气,第6.2类（感染性物质）,A区-02室,719,张伟,2025-06-21,2025-07-17,防感染、防泄漏,472
氢氧化钠,第1类（爆炸品）,C区-05室,150,张伟,2025-06-05,2025-06-23,防爆、防火,109
乙醇,第1类（爆炸品）,B区-03室,816,张伟,2025-10-22,2025-11-14,防爆、防火,301
硫酸,第8类（腐蚀品）,B区-03室,838,张伟,2025-03-19,2025-04-15,防泄漏、防腐蚀,578
氯气,第2.3类（毒性气体）,A区-01室,674,张伟,2025-06-15,2025-07-07,密闭储存、防毒,613
硫酸,第6.1类（毒性物质）,C区-05室,918,张伟,2025-06-26,2025-07-24,防毒、防泄漏,31
盐酸,第1类（爆炸品）,A区-02室,735,张伟,2025-07-29,2025-08-22,防爆、防火,505
甲醇,第3类（易燃液体）,B区-04室,283,张伟,2025-05-26,2025-06-02,通风、防火,239
盐酸,第8类（腐蚀品）,C区-05室,512,张伟,2025-01-08,2025-01-11,防泄漏、防腐蚀,195
乙醇,第6.1类（毒性物质）,B区-04室,923,张伟,2025-09-30,2025-10-09,防毒、防泄漏,268
硫酸,第8类（腐蚀品）,B区-04室,392,张伟,2025-10-13,2025-10-20,防泄漏、防腐蚀,6
氢氧化钠,第6.1类（毒性物质）,B区-04室,749,张伟,2025-06-19,2025-07-01,防毒、防泄漏,719
氰化物,第8类（腐蚀品）,A区-01室,774,张伟,2025-03-17,2025-04-05,防泄漏、防腐蚀,701
氰化物,第2.3类（毒性气体）,A区-02室,909,张伟,2025-10-27,2025-11-13,密闭储存、防毒,238
氢氧化钠,第3类（易燃液体）,A区-02室,195,张伟,2025-06-23,2025-07-08,通风、防火,159
硫酸,第3类（易燃液体）,B区-04室,763,张伟,2025-08-23,2025-08-30,通风、防火,463
乙醇,第2.3类（毒性气体）,B区-03室,137,张伟,2025-05-06,2025-06-02,密闭储存、防毒,66
硫酸,第8类（腐蚀品）,B区-03室,846,张伟,2025-09-15,2025-10-12,防泄漏、防腐蚀,820
液化石油气,第6.2类（感染性物质）,A区-02室,588,张伟,2025-10-19,2025-11-13,防感染、防泄漏,586
氯气,第3类（易燃液体）,A区-02室,491,张伟,2025-07-24,2025-07-31,通风、防火,117
盐酸,第1类（爆炸品）,B区-04室,989,张伟,2025-02-05,2025-02-09,防爆、防火,263
硝酸,第3类（易燃液体）,B区-03室,230,张伟,2025-03-08,2025-04-01,通风、防火,127
氰化物,第6.2类（感染性物质）,B区-03室,826,张伟,2025-11-05,2025-11-16,防感染、防泄漏,581
甲醇,第6.2类（感染性物质）,A区-02室,579,张伟,2025-10-22,2025-11-16,防感染、防泄漏,280
盐酸,第8类（腐蚀品）,B区-03室,104,张伟,2025-04-25,2025-05-20,防泄漏、防腐蚀,19
氢氧化钠,第8类（腐蚀品）,B区-04室,700,张伟,2025-05-02,2025-05-19,防泄漏、防腐蚀,124
氯气,第3类（易燃液体）,C区-05室,785,张伟,2025-04-16,2025-04-28,通风、防火,671
盐酸,第3类（易燃液体）,C区-05室,492,张伟,2025-09-14,2025-09-18,通风、防火,219
甲醇,第1类（爆炸品）,C区-05室,515,张伟,2025-08-20,2025-08-21,防爆、防火,266
氯气,第6.2类（感染性物质）,A区-02室,667,张伟,2025-05-11,2025-05-17,防感染、防泄漏,285
硫酸,第2.3类（毒性气体）,B区-03室,298,张伟,2025-07-06,2025-07-21,密闭储存、防毒,107
乙醇,第2.3类（毒性气体）,C区-05室,880,张伟,2025-09-08,2025-09-29,密闭储存、防毒,398
硝酸,第1类（爆炸品）,C区-05室,819,张伟,2025-09-18,2025-09-24,防爆、防火,466
液化石油气,第8类（腐蚀品）,B区-04室,342,张伟,2025-01-05,2025-01-24,防泄漏、防腐蚀,182
氯气,第6.1类（毒性物质）,B区-04室,663,张伟,2025-11-26,2025-12-16,防毒、防泄漏,205
苯,第8类（腐蚀品）,B区-03室,300,张伟,2025-05-14,2025-05-20,防泄漏、防腐蚀,261
苯,第3类（易燃液体）,B区-03室,878,张伟,2025-05-12,2025-05-31,通风、防火,199
苯,第3类（易燃液体）,C区-05室,668,张伟,2025-02-06,2025-02-13,通风、防火,191
氢氧化钠,第6.2类（感染性物质）,A区-01室,332,张伟,2025-09-23,2025-09-29,防感染、防泄漏,171
氰化物,第6.2类（感染性物质）,C区-05室,509,张伟,2025-01-27,2025-02-11,防感染、防泄漏,448
硝酸,第6.2类（感染性物质）,A区-02室,996,张伟,2025-07-30,2025-08-02,防感染、防泄漏,840
氯气,第6.2类（感染性物质）,B区-04室,201,张伟,2025-10-12,2025-10-15,防感染、防泄漏,73
氯气,第2.3类（毒性气体）,C区-05室,653,张伟,2025-08-04,2025-08-30,密闭储存、防毒,63
氰化物,第6.1类（毒性物质）,A区-02室,853,张伟,2025-06-04,2025-06-11,防毒、防泄漏,754
硫酸,第1类（爆炸品）,B区-03室,163,张伟,2025-02-02,2025-02-27,防爆、防火,34
氢氧化钠,第8类（腐蚀品）,A区-01室,820,张伟,2025-06-27,2025-07-08,防泄漏、防腐蚀,749
硝酸,第6.2类（感染性物质）,B区-03室,411,张伟,2025-02-05,2025-02-09,防感染、防泄漏,218
苯,第1类（爆炸品）,A区-01室,582,张伟,2025-10-16,2025-11-04,防爆、防火,312
甲醇,第8类（腐蚀品）,A区-02室,641,张伟,2025-11-19,2025-12-07,防泄漏、防腐蚀,77
苯,第8类（腐蚀品）,B区-04室,156,张伟,2025-11-30,2025-12-23,防泄漏、防腐蚀,79
苯,第1类（爆炸品）,A区-02室,110,张伟,2025-02-23,2025-03-14,防爆、防火,74
硫酸,第2.3类（毒性气体）,A区-02室,646,张伟,2025-11-05,2025-12-02,密闭储存、防毒,313
氢氧化钠,第8类（腐蚀品）,B区-03室,945,张伟,2025-05-29,2025-06-21,防泄漏、防腐蚀,536
硝酸,第8类（腐蚀品）,B区-04室,863,张伟,2025-06-26,2025-07-15,防泄漏、防腐蚀,491
乙醇,第8类（腐蚀品）,A区-02室,98,张伟,2025-01-03,2025-01-04,防泄漏、防腐蚀,54
氰化物,第8类（腐蚀品）,C区-05室,610,张伟,2025-09-26,2025-10-25,防泄漏、防腐蚀,333
盐酸,第6.1类（毒性物质）,B区-04室,246,张伟,2025-09-04,2025-09-04,防毒、防泄漏,232
硝酸,第6.1类（毒性物质）,A区-01室,56,张伟,2025-09-10,2025-09-16,防毒、防泄漏,7
硫酸,第6.2类（感染性物质）,B区-04室,892,张伟,2025-03-11,2025-03-12,防感染、防泄漏,797
甲醇,第6.2类（感染性物质）,A区-01室,714,张伟,2025-01-17,2025-01-22,防感染、防泄漏,196
苯,第6.2类（感染性物质）,B区-04室,482,张伟,2025-03-06,2025-03-10,防感染、防泄漏,245
氯气,第1类（爆炸品）,B区-04室,700,张伟,2025-06-10,2025-07-03,防爆、防火,244
盐酸,第6.2类（感染性物质）,A区-01室,761,张伟,2025-04-18,2025-05-16,防感染、防泄漏,669
液化石油气,第6.1类（毒性物质）,B区-03室,997,张伟,2025-08-05,2025-08-25,防毒、防泄漏,545
盐酸,第6.2类（感染性物质）,B区-03室,436,张伟,2025-03-21,2025-04-12,防感染、防泄漏,222
盐酸,第2.3类（毒性气体）,B区-03室,110,张伟,2025-08-15,2025-08-17,密闭储存、防毒,54
氰化物,第2.3类（毒性气体）,C区-05室,711,张伟,2025-08-13,2025-09-08,密闭储存、防毒,158
硫酸,第2.3类（毒性气体）,B区-03室,577,张伟,2025-06-10,2025-07-03,密闭储存、防毒,374
氯气,第6.1类（毒性物质）,B区-04室,971,张伟,2025-11-10,2025-12-10,防毒、防泄漏,920
乙醇,第2.3类（毒性气体）,A区-01室,106,张伟,2025-11-10,2025-11-12,密闭储存、防毒,38
苯,第2.3类（毒性气体）,C区-05室,948,张伟,2025-07-01,2025-07-30,密闭储存、防毒,625
液化石油气,第1类（爆炸品）,B区-03室,120,张伟,2025-08-30,2025-09-18,防爆、防火,9
氢氧化钠,第6.1类（毒性物质）,A区-02室,508,张伟,2025-03-09,2025-03-29,防毒、防泄漏,154
苯,第2.3类（毒性气体）,B区-04室,220,张伟,2025-02-16,2025-03-16,密闭储存、防毒,203
苯,第6.1类（毒性物质）,A区-02室,378,张伟,2025-06-16,2025-06-28,防毒、防泄漏,374
氰化物,第6.1类（毒性物质）,B区-03室,767,张伟,2025-07-13,2025-07-17,防毒、防泄漏,501
氯气,第1类（爆炸品）,B区-04室,770,张伟,2025-05-06,2025-05-28,防爆、防火,430
硫酸,第2.3类（毒性气体）,A区-01室,485,张伟,2025-04-30,2025-05-14,密闭储存、防毒,219
甲醇,第1类（爆炸品）,A区-01室,642,张伟,2025-05-02,2025-05-25,防爆、防火,289
氢氧化钠,第1类（爆炸品）,C区-05室,285,张伟,2025-02-09,2025-02-10,防爆、防火,152
甲醇,第6.2类（感染性物质）,C区-05室,231,张伟,2025-09-24,2025-10-10,防感染、防泄漏,131
氰化物,第1类（爆炸品）,A区-02室,685,张伟,2025-04-19,2025-05-17,防爆、防火,174
苯,第6.2类（感染性物质）,B区-04室,637,张伟,2025-10-07,2025-10-18,防感染、防泄漏,5
硫酸,第3类（易燃液体）,C区-05室,748,张伟,2025-08-16,2025-08-16,通风、防火,694
液化石油气,第2.3类（毒性气体）,C区-05室,680,张伟,2025-07-29,2025-08-20,密闭储存、防毒,535
乙醇,第1类（爆炸品）,A区-02室,364,张伟,2025-09-23,2025-10-22,防爆、防火,274
乙醇,第6.1类（毒性物质）,B区-04室,461,张伟,2025-08-30,2025-09-13,防毒、防泄漏,62
乙醇,第1类（爆炸品）,A区-02室,351,张伟,2025-02-03,2025-03-01,防爆、防火,22
乙醇,第2.3类（毒性气体）,C区-05室,871,张伟,2025-04-26,2025-05-02,密闭储存、防毒,736
苯,第6.2类（感染性物质）,B区-03室,701,张伟,2025-11-07,2025-12-05,防感染、防泄漏,297
氯气,第6.2类（感染性物质）,C区-05室,906,张伟,2025-10-05,2025-10-19,防感染、防泄漏,102
液化石油气,第6.2类（感染性物质）,B区-04室,918,张伟,2025-06-11,2025-06-24,防感染、防泄漏,506
硫酸,第2.3类（毒性气体）,B区-03室,737,张伟,2025-04-05,2025-04-14,密闭储存、防毒,280
氢氧化钠,第6.1类（毒性物质）,B区-03室,824,张伟,2025-06-01,2025-06-22,防毒、防泄漏,84
乙醇,第6.1类（毒性物质）,B区-04室,385,张伟,2025-04-20,2025-05-20,防毒、防泄漏,254
苯,第6.2类（感染性物质）,C区-05室,439,张伟,2025-01-25,2025-02-18,防感染、防泄漏,244
甲醇,第3类（易燃液体）,A区-01室,205,张伟,2025-11-15,2025-11-15,通风、防火,76
苯,第6.1类（毒性物质）,A区-01室,599,张伟,2025-11-23,2025-12-02,防毒、防泄漏,478
氢氧化钠,第1类（爆炸品）,B区-03室,661,张伟,2025-02-14,2025-03-04,防爆、防火,497
苯,第6.2类（感染性物质）,B区-03室,974,张伟,2025-01-23,2025-02-13,防感染、防泄漏,708
盐酸,第1类（爆炸品）,B区-04室,717,张伟,2025-11-26,2025-12-19,防爆、防火,577
硫酸,第6.1类（毒性物质）,A区-02室,952,张伟,2025-08-28,2025-09-06,防毒、防泄漏,224
硝酸,第1类（爆炸品）,B区-04室,112,张伟,2025-11-06,2025-11-25,防爆、防火,100
氰化物,第6.1类（毒性物质）,B区-04室,829,张伟,2025-06-16,2025-06-23,防毒、防泄漏,383
液化石油气,第1类（爆炸品）,C区-05室,621,张伟,2025-06-19,2025-06-26,防爆、防火,327
硝酸,第6.2类（感染性物质）,C区-05室,426,张伟,2025-08-10,2025-08-12,防感染、防泄漏,349
液化石油气,第2.3类（毒性气体）,C区-05室,937,张伟,2025-05-25,2025-06-07,密闭储存、防毒,651
乙醇,第2.3类（毒性气体）,A区-01室,257,张伟,2025-02-07,2025-03-01,密闭储存、防毒,69
硝酸,第6.2类（感染性物质）,B区-03室,893,张伟,2025-11-18,2025-12-06,防感染、防泄漏,578
氰化物,第2.3类（毒性气体）,A区-01室,421,张伟,2025-06-05,2025-06-09,密闭储存、防毒,63
甲醇,第8类（腐蚀品）,B区-04室,284,张伟,2025-11-02,2025-11-06,防泄漏、防腐蚀,280
氢氧化钠,第6.2类（感染性物质）,B区-03室,539,张伟,2025-09-14,2025-10-12,防感染、防泄漏,362
液化石油气,第6.1类（毒性物质）,A区-02室,398,张伟,2025-08-22,2025-09-05,防毒、防泄漏,21
氯气,第8类（腐蚀品）,B区-04室,335,张伟,2025-07-25,2025-08-18,防泄漏、防腐蚀,250
苯,第6.1类（毒性物质）,A区-02室,388,张伟,2025-02-11,2025-03-08,防毒、防泄漏,367
甲醇,第2.3类（毒性气体）,B区-03室,454,张伟,2025-11-05,2025-11-05,密闭储存、防毒,177
液化石油气,第3类（易燃液体）,C区-05室,156,张伟,2025-05-18,2025-05-29,通风、防火,148
硫酸,第2.3类（毒性气体）,A区-01室,476,张伟,2025-04-08,2025-04-14,密闭储存、防毒,242
苯,第1类（爆炸品）,B区-04室,805,张伟,2025-08-19,2025-09-03,防爆、防火,182
氯气,第2.3类（毒性气体）,A区-02室,980,张伟,2025-03-15,2025-03-22,密闭储存、防毒,471
甲醇,第1类（爆炸品）,B区-04室,352,张伟,2025-08-29,2025-08-31,防爆、防火,100
苯,第3类（易燃液体）,B区-03室,372,张伟,2025-11-20,2025-11-28,通风、防火,180
氢氧化钠,第1类（爆炸品）,A区-02室,686,张伟,2025-11-22,2025-11-28,防爆、防火,306
苯,第6.2类（感染性物质）,A区-02室,116,张伟,2025-04-23,2025-04-25,防感染、防泄漏,107
乙醇,第1类（爆炸品）,B区-03室,476,张伟,2025-09-04,2025-09-24,防爆、防火,460
氰化物,第3类（易燃液体）,B区-03室,279,张伟,2025-02-09,2025-03-02,通风、防火,265
液化石油气,第8类（腐蚀品）,C区-05室,867,张伟,2025-06-18,2025-06-19,防泄漏、防腐蚀,224
苯,第1类（爆炸品）,B区-03室,998,张伟,2025-02-06,2025-02-07,防爆、防火,345
氢氧化钠,第1类（爆炸品）,C区-05室,950,张伟,2025-08-05,2025-08-14,防爆、防火,273
氢氧化钠,第3类（易燃液体）,B区-03室,216,张伟,2025-06-08,2025-06-14,通风、防火,80
盐酸,第1类（爆炸品）,B区-04室,335,张伟,2025-09-08,2025-09-21,防爆、防火,174
液化石油气,第3类（易燃液体）,B区-04室,787,张伟,2025-03-14,2025-03-30,通风、防火,531
氰化物,第6.2类（感染性物质）,A区-01室,70,张伟,2025-07-24,2025-08-16,防感染、防泄漏,4
盐酸,第8类（腐蚀品）,B区-04室,143,张伟,2025-06-23,2025-07-01,防泄漏、防腐蚀,39
氯气,第3类（易燃液体）,A区-01室,472,张伟,2025-01-23,2025-01-31,通风、防火,234
苯,第3类（易燃液体）,B区-04室,723,张伟,2025-09-04,2025-09-05,通风、防火,559
盐酸,第3类（易燃液体）,B区-04室,203,张伟,2025-11-14,2025-12-05,通风、防火,133
硝酸,第8类（腐蚀品）,A区-02室,726,张伟,2025-10-19,2025-11-09,防泄漏、防腐蚀,76
甲醇,第6.1类（毒性物质）,B区-04室,65,张伟,2025-01-11,2025-01-23,防毒、防泄漏,28
氰化物,第3类（易燃液体）,A区-01室,865,张伟,2025-06-15,2025-06-29,通风、防火,672
盐酸,第2.3类（毒性气体）,B区-04室,377,张伟,2025-02-03,2025-02-07,密闭储存、防毒,17
硝酸,第6.2类（感染性物质）,B区-04室,673,张伟,2025-11-09,2025-12-08,防感染、防泄漏,140
甲醇,第3类（易燃液体）,A区-02室,646,张伟,2025-10-20,2025-10-23,通风、防火,559
苯,第6.1类（毒性物质）,C区-05室,572,张伟,2025-08-13,2025-09-05,防毒、防泄漏,496
乙醇,第3类（易燃液体）,B区-03室,938,张伟,2025-07-19,2025-07-27,通风、防火,578
乙醇,第6.2类（感染性物质）,B区-04室,774,张伟,2025-06-16,2025-06-27,防感染、防泄漏,374
硝酸,第2.3类（毒性气体）,C区-05室,681,张伟,2025-10-06,2025-10-19,密闭储存、防毒,583
盐酸,第1类（爆炸品）,A区-01室,658,张伟,2025-08-16,2025-08-26,防爆、防火,398
甲醇,第8类（腐蚀品）,A区-02室,913,张伟,2025-09-03,2025-09-16,防泄漏、防腐蚀,810
苯,第6.1类（毒性物质）,B区-03室,426,张伟,2025-09-16,2025-09-20,防毒、防泄漏,160
盐酸,第1类（爆炸品）,A区-02室,306,张伟,2025-01-07,2025-01-18,防爆、防火,198
硫酸,第2.3类（毒性气体）,B区-03室,385,张伟,2025-08-06,2025-08-15,密闭储存、防毒,61
苯,第6.1类（毒性物质）,A区-02室,819,张伟,2025-01-30,2025-02-04,防毒、防泄漏,10
盐酸,第8类（腐蚀品）,B区-03室,571,张伟,2025-06-05,2025-06-19,防泄漏、防腐蚀,253
硝酸,第2.3类（毒性气体）,B区-04室,537,张伟,2025-09-18,2025-10-18,密闭储存、防毒,527
盐酸,第2.3类（毒性气体）,B区-03室,534,张伟,2025-03-10,2025-04-02,密闭储存、防毒,108
苯,第8类（腐蚀品）,A区-02室,856,张伟,2025-07-12,2025-07-23,防泄漏、防腐蚀,209
甲醇,第8类（腐蚀品）,A区-01室,939,张伟,2025-03-29,2025-04-12,防泄漏、防腐蚀,240
硝酸,第2.3类（毒性气体）,C区-05室,579,张伟,2025-02-26,2025-03-24,密闭储存、防毒,29
氯气,第2.3类（毒性气体）,A区-02室,964,张伟,2025-11-30,2025-12-18,密闭储存、防毒,156
氰化物,第3类（易燃液体）,C区-05室,694,张伟,2025-06-09,2025-07-01,通风、防火,614
液化石油气,第2.3类（毒性气体）,B区-03室,467,张伟,2025-06-07,2025-06-07,密闭储存、防毒,352
硫酸,第6.2类（感染性物质）,B区-04室,520,张伟,2025-08-29,2025-09-14,防感染、防泄漏,448
硝酸,第2.3类（毒性气体）,A区-01室,824,张伟,2025-02-09,2025-02-21,密闭储存、防毒,389
甲醇,第3类（易燃液体）,B区-04室,227,张伟,2025-10-28,2025-11-10,通风、防火,202
乙醇,第3类（易燃液体）,A区-02室,978,张伟,2025-08-14,2025-09-02,通风、防火,374
盐酸,第8类（腐蚀品）,C区-05室,474,张伟,2025-08-07,2025-09-03,防泄漏、防腐蚀,358
氰化物,第1类（爆炸品）,A区-02室,303,张伟,2025-08-02,2025-08-18,防爆、防火,129
乙醇,第6.2类（感染性物质）,A区-01室,434,张伟,2025-01-27,2025-02-25,防感染、防泄漏,365
盐酸,第6.2类（感染性物质）,C区-05室,600,张伟,2025-10-27,2025-11-17,防感染、防泄漏,56
苯,第6.1类（毒性物质）,B区-03室,249,张伟,2025-09-15,2025-09-27,防毒、防泄漏,92
甲醇,第2.3类（毒性气体）,A区-01室,684,张伟,2025-10-14,2025-10-19,密闭储存、防毒,595
甲醇,第6.1类（毒性物质）,B区-03室,673,张伟,2025-04-22,2025-05-12,防毒、防泄漏,557
液化石油气,第6.1类（毒性物质）,A区-02室,590,张伟,2025-01-05,2025-01-10,防毒、防泄漏,125
甲醇,第6.1类（毒性物质）,B区-03室,741,张伟,2025-05-08,2025-05-26,防毒、防泄漏,592
液化石油气,第2.3类（毒性气体）,C区-05室,859,张伟,2025-08-27,2025-08-31,密闭储存、防毒,160
氰化物,第1类（爆炸品）,B区-03室,443,张伟,2025-06-30,2025-07-12,防爆、防火,411
氯气,第6.2类（感染性物质）,C区-05室,832,张伟,2025-03-31,2025-04-28,防感染、防泄漏,521
氢氧化钠,第6.2类（感染性物质）,A区-01室,825,张伟,2025-05-15,2025-06-05,防感染、防泄漏,806
液化石油气,第2.3类（毒性气体）,B区-03室,856,张伟,2025-08-27,2025-09-08,密闭储存、防毒,830
甲醇,第1类（爆炸品）,C区-05室,588,张伟,2025-09-01,2025-09-16,防爆、防火,245
盐酸,第6.2类（感染性物质）,B区-04室,599,张伟,2025-03-18,2025-03-28,防感染、防泄漏,106
硫酸,第3类（易燃液体）,A区-02室,145,张伟,2025-05-08,2025-06-06,通风、防火,106
氢氧化钠,第6.1类（毒性物质）,A区-02室,441,张伟,2025-06-09,2025-07-05,防毒、防泄漏,392
液化石油气,第6.2类（感染性物质）,C区-05室,817,张伟,2025-04-26,2025-05-16,防感染、防泄漏,111
硝酸,第8类（腐蚀品）,C区-05室,656,张伟,2025-02-27,2025-03-19,防泄漏、防腐蚀,507
氯气,第8类（腐蚀品）,A区-02室,125,张伟,2025-06-09,2025-07-05,防泄漏、防腐蚀,82
氰化物,第6.1类（毒性物质）,A区-02室,263,张伟,2025-04-07,2025-04-29,防毒、防泄漏,50
氰化物,第1类（爆炸品）,B区-04室,537,张伟,2025-11-14,2025-11-24,防爆、防火,519
硝酸,第6.1类（毒性物质）,A区-02室,769,张伟,2025-06-02,2025-06-22,防毒、防泄漏,414
甲醇,第2.3类（毒性气体）,B区-03室,765,张伟,2025-01-04,2025-01-05,密闭储存、防毒,51
苯,第6.2类（感染性物质）,B区-04室,864,张伟,2025-11-01,2025-11-21,防感染、防泄漏,473
氰化物,第6.1类（毒性物质）,A区-01室,757,张伟,2025-11-06,2025-11-19,防毒、防泄漏,368
氯气,第3类（易燃液体）,A区-01室,524,张伟,2025-06-16,2025-06-30,通风、防火,427
液化石油气,第8类（腐蚀品）,A区-02室,72,张伟,2025-06-06,2025-06-28,防泄漏、防腐蚀,58
苯,第6.2类（感染性物质）,A区-02室,965,张伟,2025-03-20,2025-03-28,防感染、防泄漏,356
甲醇,第2.3类（毒性气体）,A区-01室,921,张伟,2025-01-14,2025-01-26,密闭储存、防毒,17
液化石油气,第8类（腐蚀品）,B区-03室,452,张伟,2025-11-09,2025-12-05,防泄漏、防腐蚀,143
乙醇,第8类（腐蚀品）,B区-04室,567,张伟,2025-06-06,2025-06-26,防泄漏、防腐蚀,157
氯气,第8类（腐蚀品）,C区-05室,789,张伟,2025-03-01,2025-03-20,防泄漏、防腐蚀,743
液化石油气,第1类（爆炸品）,B区-03室,124,张伟,2025-05-27,2025-06-03,防爆、防火,22
盐酸,第1类（爆炸品）,C区-05室,579,张伟,2025-11-20,2025-12-16,防爆、防火,509
硝酸,第6.2类（感染性物质）,A区-02室,419,张伟,2025-09-05,2025-09-24,防感染、防泄漏,14
盐酸,第8类（腐蚀品）,C区-05室,617,张伟,2025-07-19,2025-08-13,防泄漏、防腐蚀,421
苯,第6.2类（感染性物质）,C区-05室,819,张伟,2025-04-04,2025-04-26,防感染、防泄漏,801
甲醇,第8类（腐蚀品）,B区-03室,942,张伟,2025-05-16,2025-05-30,防泄漏、防腐蚀,169
甲醇,第6.1类（毒性物质）,C区-05室,904,张伟,2025-09-16,2025-10-07,防毒、防泄漏,10
甲醇,第6.2类（感染性物质）,C区-05室,978,张伟,2025-03-04,2025-03-15,防感染、防泄漏,837
氯气,第6.1类（毒性物质）,C区-05室,512,张伟,2025-03-03,2025-03-30,防毒、防泄漏,176
硫酸,第3类（易燃液体）,B区-04室,343,张伟,2025-04-07,2025-04-24,通风、防火,320
氯气,第2.3类（毒性气体）,B区-03室,365,张伟,2025-06-18,2025-06-30,密闭储存、防毒,242
氰化物,第1类（爆炸品）,B区-03室,521,张伟,2025-02-13,2025-02-25,防爆、防火,3
硝酸,第6.2类（感染性物质）,A区-01室,508,张伟,2025-03-02,2025-03-28,防感染、防泄漏,490
硝酸,第6.1类（毒性物质）,B区-04室,847,张伟,2025-06-13,2025-07-12,防毒、防泄漏,666
氰化物,第3类（易燃液体）,B区-03室,726,张伟,2025-08-01,2025-08-11,通风、防火,464
液化石油气,第1类（爆炸品）,B区-03室,406,张伟,2025-03-01,2025-03-23,防爆、防火,340
硫酸,第6.1类（毒性物质）,A区-01室,481,张伟,2025-09-07,2025-09-21,防毒、防泄漏,236
甲醇,第3类（易燃液体）,C区-05室,405,张伟,2025-06-14,2025-06-20,通风、防火,216
甲醇,第2.3类（毒性气体）,A区-01室,553,张伟,2025-01-21,2025-01-29,密闭储存、防毒,195
氰化物,第3类（易燃液体）,A区-02室,469,张伟,2025-07-12,2025-07-30,通风、防火,332
乙醇,第1类（爆炸品）,B区-04室,177,张伟,2025-05-05,2025-05-26,防爆、防火,28
硝酸,第2.3类（毒性气体）,B区-04室,777,张伟,2025-11-07,2025-11-07,密闭储存、防毒,332
硫酸,第8类（腐蚀品）,B区-04室,645,张伟,2025-02-18,2025-03-02,防泄漏、防腐蚀,232
氯气,第1类（爆炸品）,A区-01室,185,张伟,2025-06-26,2025-07-20,防爆、防火,138
氢氧化钠,第6.1类（毒性物质）,A区-01室,905,张伟,2025-03-25,2025-04-05,防毒、防泄漏,311
硝酸,第6.2类（感染性物质）,A区-02室,792,张伟,2025-10-10,2025-10-16,防感染、防泄漏,541
氯气,第2.3类（毒性气体）,A区-02室,671,张伟,2025-03-14,2025-04-08,密闭储存、防毒,140
盐酸,第6.1类（毒性物质）,B区-04室,965,张伟,2025-11-23,2025-12-09,防毒、防泄漏,573
乙醇,第6.1类（毒性物质）,B区-04室,886,张伟,2025-04-30,2025-05-13,防毒、防泄漏,120
氯气,第6.1类（毒性物质）,C区-05室,465,张伟,2025-09-07,2025-09-26,防毒、防泄漏,64
硫酸,第6.1类（毒性物质）,A区-01室,328,张伟,2025-05-14,2025-05-29,防毒、防泄漏,93
液化石油气,第1类（爆炸品）,B区-04室,270,张伟,2025-09-07,2025-09-18,防爆、防火,82
氰化物,第2.3类（毒性气体）,C区-05室,131,张伟,2025-04-01,2025-04-21,密闭储存、防毒,92
氢氧化钠,第6.2类（感染性物质）,B区-03室,574,张伟,2025-05-25,2025-06-12,防感染、防泄漏,485
硫酸,第6.1类（毒性物质）,C区-05室,197,张伟,2025-03-11,2025-04-03,防毒、防泄漏,187
氰化物,第6.1类（毒性物质）,A区-02室,823,张伟,2025-03-24,2025-03-25,防毒、防泄漏,685
乙醇,第6.1类（毒性物质）,A区-01室,448,张伟,2025-03-09,2025-03-27,防毒、防泄漏,368
液化石油气,第8类（腐蚀品）,C区-05室,69,张伟,2025-07-04,2025-07-15,防泄漏、防腐蚀,46
氢氧化钠,第8类（腐蚀品）,A区-02室,473,张伟,2025-03-17,2025-03-18,防泄漏、防腐蚀,228
苯,第3类（易燃液体）,A区-01室,123,张伟,2025-04-24,2025-05-16,通风、防火,108
氰化物,第6.1类（毒性物质）,C区-05室,204,张伟,2025-03-02,2025-03-09,防毒、防泄漏,92
硫酸,第3类（易燃液体）,A区-01室,278,张伟,2025-06-17,2025-07-17,通风、防火,257
盐酸,第1类（爆炸品）,A区-01室,166,张伟,2025-07-15,2025-08-05,防爆、防火,70
硝酸,第6.2类（感染性物质）,B区-04室,641,张伟,2025-10-19,2025-11-16,防感染、防泄漏,387
氰化物,第1类（爆炸品）,A区-02室,215,张伟,2025-11-28,2025-12-13,防爆、防火,148
盐酸,第6.1类（毒性物质）,C区-05室,446,张伟,2025-10-06,2025-10-24,防毒、防泄漏,352
盐酸,第8类（腐蚀品）,A区-01室,628,张伟,2025-03-03,2025-03-18,防泄漏、防腐蚀,266
氰化物,第8类（腐蚀品）,C区-05室,391,张伟,2025-11-13,2025-11-23,防泄漏、防腐蚀,127
甲醇,第8类（腐蚀品）,B区-03室,406,张伟,2025-05-18,2025-05-20,防泄漏、防腐蚀,228
液化石油气,第1类（爆炸品）,A区-02室,454,张伟,2025-04-06,2025-04-13,防爆、防火,334
甲醇,第6.1类（毒性物质）,B区-04室,928,张伟,2025-03-31,2025-04-19,防毒、防泄漏,480
乙醇,第2.3类（毒性气体）,B区-04室,975,张伟,2025-10-17,2025-11-11,密闭储存、防毒,132
氢氧化钠,第2.3类（毒性气体）,A区-01室,985,张伟,2025-05-17,2025-06-03,密闭储存、防毒,657
盐酸,第1类（爆炸品）,A区-01室,116,张伟,2025-07-16,2025-08-09,防爆、防火,66
盐酸,第1类（爆炸品）,A区-02室,561,张伟,2025-09-05,2025-09-06,防爆、防火,68
乙醇,第6.1类（毒性物质）,B区-03室,65,张伟,2025-02-13,2025-02-22,防毒、防泄漏,22
苯,第6.1类（毒性物质）,A区-01室,352,张伟,2025-08-13,2025-09-07,防毒、防泄漏,319
硝酸,第3类（易燃液体）,B区-04室,867,张伟,2025-08-28,2025-08-29,通风、防火,579
硫酸,第1类（爆炸品）,A区-02室,225,张伟,2025-06-19,2025-07-09,防爆、防火,217
氯气,第1类（爆炸品）,B区-04室,263,张伟,2025-06-06,2025-06-18,防爆、防火,53
硫酸,第2.3类（毒性气体）,A区-02室,954,张伟,2025-06-20,2025-07-01,密闭储存、防毒,771
苯,第2.3类（毒性气体）,B区-04室,501,张伟,2025-05-08,2025-06-07,密闭储存、防毒,372
甲醇,第6.1类（毒性物质）,B区-03室,400,张伟,2025-01-21,2025-01-29,防毒、防泄漏,89
液化石油气,第3类（易燃液体）,A区-02室,616,张伟,2025-10-04,2025-10-28,通风、防火,454
硝酸,第1类（爆炸品）,A区-01室,781,张伟,2025-04-01,2025-04-30,防爆、防火,558
甲醇,第2.3类（毒性气体）,A区-01室,359,张伟,2025-08-03,2025-08-04,密闭储存、防毒,257
硫酸,第8类（腐蚀品）,C区-05室,675,张伟,2025-03-08,2025-03-10,防泄漏、防腐蚀,0
苯,第2.3类（毒性气体）,B区-03室,549,张伟,2025-02-25,2025-03-26,密闭储存、防毒,509
硝酸,第2.3类（毒性气体）,B区-03室,877,张伟,2025-11-01,2025-11-29,密闭储存、防毒,197
乙醇,第6.2类（感染性物质）,A区-02室,985,张伟,2025-07-12,2025-07-18,防感染、防泄漏,955
盐酸,第6.1类（毒性物质）,B区-03室,657,张伟,2025-04-25,2025-04-28,防毒、防泄漏,520
液化石油气,第6.1类（毒性物质）,A区-02室,457,张伟,2025-11-04,2025-11-08,防毒、防泄漏,137
氢氧化钠,第1类（爆炸品）,A区-02室,130,张伟,2025-09-03,2025-09-17,防爆、防火,39
硫酸,第6.1类（毒性物质）,A区-02室,341,张伟,2025-01-26,2025-02-04,防毒、防泄漏,69
盐酸,第1类（爆炸品）,A区-01室,499,张伟,2025-02-18,2025-03-15,防爆、防火,403
氯气,第3类（易燃液体）,B区-03室,303,张伟,2025-11-10,2025-11-13,通风、防火,126
乙醇,第6.2类（感染性物质）,A区-02室,401,张伟,2025-06-14,2025-06-16,防感染、防泄漏,158
氰化物,第8类（腐蚀品）,B区-03室,69,张伟,2025-05-26,2025-06-19,防泄漏、防腐蚀,15
盐酸,第6.2类（感染性物质）,A区-02室,256,张伟,2025-11-26,2025-12-16,防感染、防泄漏,66
氯气,第3类（易燃液体）,A区-02室,78,张伟,2025-11-03,2025-12-01,通风、防火,47
液化石油气,第1类（爆炸品）,A区-01室,53,张伟,2025-06-08,2025-06-24,防爆、防火,52
乙醇,第1类（爆炸品）,C区-05室,216,张伟,2025-01-17,2025-02-03,防爆、防火,182
甲醇,第6.1类（毒性物质）,A区-01室,988,张伟,2025-02-09,2025-03-05,防毒、防泄漏,707
乙醇,第8类（腐蚀品）,C区-05室,298,张伟,2025-06-03,2025-06-14,防泄漏、防腐蚀,186
乙醇,第1类（爆炸品）,B区-04室,589,张伟,2025-07-26,2025-08-15,防爆、防火,444
氰化物,第1类（爆炸品）,B区-03室,460,张伟,2025-07-24,2025-08-16,防爆、防火,116
乙醇,第2.3类（毒性气体）,C区-05室,184,张伟,2025-01-16,2025-01-16,密闭储存、防毒,58
氰化物,第1类（爆炸品）,A区-02室,317,张伟,2025-01-21,2025-01-23,防爆、防火,220
硫酸,第3类（易燃液体）,A区-01室,928,张伟,2025-03-19,2025-03-27,通风、防火,82
液化石油气,第2.3类（毒性气体）,B区-03室,341,张伟,2025-08-12,2025-08-30,密闭储存、防毒,335
硫酸,第8类（腐蚀品）,B区-03室,307,张伟,2025-10-24,2025-10-25,防泄漏、防腐蚀,272
氰化物,第3类（易燃液体）,A区-02室,496,张伟,2025-08-31,2025-08-31,通风、防火,113
氰化物,第6.1类（毒性物质）,C区-05室,923,张伟,2025-02-05,2025-02-16,防毒、防泄漏,88
硫酸,第1类（爆炸品）,A区-01室,854,张伟,2025-01-27,2025-01-28,防爆、防火,200
氢氧化钠,第6.2类（感染性物质）,A区-01室,801,张伟,2025-01-20,2025-01-21,防感染、防泄漏,429
硫酸,第1类（爆炸品）,A区-02室,59,张伟,2025-04-28,2025-05-19,防爆、防火,39
乙醇,第6.2类（感染性物质）,B区-04室,263,张伟,2025-08-12,2025-08-12,防感染、防泄漏,89
盐酸,第2.3类（毒性气体）,B区-04室,563,张伟,2025-10-31,2025-11-09,密闭储存、防毒,230
硝酸,第3类（易燃液体）,C区-05室,925,张伟,2025-05-18,2025-06-11,通风、防火,638
氰化物,第2.3类（毒性气体）,B区-04室,564,张伟,2025-06-26,2025-07-13,密闭储存、防毒,118
氢氧化钠,第8类（腐蚀品）,B区-03室,311,张伟,2025-03-01,2025-03-28,防泄漏、防腐蚀,223
甲醇,第6.2类（感染性物质）,A区-01室,631,张伟,2025-02-19,2025-02-23,防感染、防泄漏,205
乙醇,第6.2类（感染性物质）,A区-02室,775,张伟,2025-08-05,2025-08-21,防感染、防泄漏,480
液化石油气,第2.3类（毒性气体）,B区-04室,445,张伟,2025-10-24,2025-11-05,密闭储存、防毒,120
液化石油气,第8类（腐蚀品）,B区-04室,490,张伟,2025-03-10,2025-03-20,防泄漏、防腐蚀,71
液化石油气,第6.1类（毒性物质）,A区-01室,241,张伟,2025-03-27,2025-04-02,防毒、防泄漏,227
苯,第6.1类（毒性物质）,A区-01室,694,张伟,2025-08-31,2025-09-26,防毒、防泄漏,604
硫酸,第8类（腐蚀品）,C区-05室,258,张伟,2025-08-06,2025-08-21,防泄漏、防腐蚀,129
氯气,第2.3类（毒性气体）,A区-02室,309,张伟,2025-08-19,2025-09-11,密闭储存、防毒,118
盐酸,第8类（腐蚀品）,A区-01室,790,张伟,2025-07-22,2025-08-01,防泄漏、防腐蚀,481
苯,第6.1类（毒性物质）,B区-03室,779,张伟,2025-10-28,2025-11-06,防毒、防泄漏,696
乙醇,第2.3类（毒性气体）,B区-03室,243,张伟,2025-02-09,2025-03-06,密闭储存、防毒,200
盐酸,第1类（爆炸品）,C区-05室,899,张伟,2025-01-22,2025-02-10,防爆、防火,857
乙醇,第2.3类（毒性气体）,A区-02室,875,张伟,2025-07-22,2025-08-13,密闭储存、防毒,198
氯气,第2.3类（毒性气体）,B区-04室,506,张伟,2025-01-20,2025-02-02,密闭储存、防毒,191
液化石油气,第3类（易燃液体）,B区-04室,254,张伟,2025-08-16,2025-09-04,通风、防火,165
液化石油气,第2.3类（毒性气体）,A区-01室,373,张伟,2025-06-07,2025-06-07,密闭储存、防毒,294
苯,第3类（易燃液体）,B区-04室,73,张伟,2025-01-09,2025-02-06,通风、防火,55
氰化物,第8类（腐蚀品）,C区-05室,749,张伟,2025-09-24,2025-10-18,防泄漏、防腐蚀,711
乙醇,第6.1类（毒性物质）,B区-03室,728,张伟,2025-09-29,2025-10-23,防毒、防泄漏,438
盐酸,第1类（爆炸品）,A区-01室,810,张伟,2025-08-10,2025-08-31,防爆、防火,432
盐酸,第2.3类（毒性气体）,B区-04室,305,张伟,2025-01-20,2025-02-12,密闭储存、防毒,185
氢氧化钠,第3类（易燃液体）,A区-02室,282,张伟,2025-07-18,2025-08-07,通风、防火,257
硝酸,第6.1类（毒性物质）,A区-01室,537,张伟,2025-10-30,2025-11-10,防毒、防泄漏,110
苯,第6.1类（毒性物质）,C区-05室,683,张伟,2025-05-25,2025-06-15,防毒、防泄漏,405
氢氧化钠,第6.2类（感染性物质）,A区-01室,548,张伟,2025-11-19,2025-11-26,防感染、防泄漏,417
氰化物,第1类（爆炸品）,B区-03室,536,张伟,2025-11-15,2025-12-06,防爆、防火,353
氢氧化钠,第3类（易燃液体）,C区-05室,272,张伟,2025-01-29,2025-02-19,通风、防火,182
甲醇,第1类（爆炸品）,A区-02室,349,张伟,2025-11-19,2025-11-19,防爆、防火,292
硫酸,第3类（易燃液体）,B区-03室,235,张伟,2025-02-15,2025-02-28,通风、防火,27
氢氧化钠,第3类（易燃液体）,A区-02室,403,张伟,2025-11-30,2025-12-21,通风、防火,19
苯,第1类（爆炸品）,C区-05室,618,张伟,2025-10-14,2025-10-15,防爆、防火,21
甲醇,第8类（腐蚀品）,B区-03室,709,张伟,2025-09-14,2025-10-05,防泄漏、防腐蚀,254
氢氧化钠,第2.3类（毒性气体）,A区-01室,999,张伟,2025-11-05,2025-12-05,密闭储存、防毒,972
甲醇,第8类（腐蚀品）,A区-01室,160,张伟,2025-02-01,2025-02-08,防泄漏、防腐蚀,93
硝酸,第6.2类（感染性物质）,C区-05室,245,张伟,2025-04-24,2025-05-17,防感染、防泄漏,119
苯,第8类（腐蚀品）,A区-01室,343,张伟,2025-08-01,2025-08-09,防泄漏、防腐蚀,213
硫酸,第3类（易燃液体）,A区-01室,597,张伟,2025-03-04,2025-03-21,通风、防火,527
盐酸,第8类（腐蚀品）,A区-02室,791,张伟,2025-03-09,2025-03-19,防泄漏、防腐蚀,409
苯,第1类（爆炸品）,C区-05室,180,张伟,2025-06-02,2025-06-12,防爆、防火,133
氯气,第2.3类（毒性气体）,A区-02室,905,张伟,2025-02-12,2025-02-19,密闭储存、防毒,548
氯气,第2.3类（毒性气体）,B区-04室,896,张伟,2025-01-29,2025-02-10,密闭储存、防毒,401
苯,第6.1类（毒性物质）,A区-02室,994,张伟,2025-11-06,2025-12-04,防毒、防泄漏,126
苯,第2.3类（毒性气体）,A区-02室,261,张伟,2025-04-01,2025-04-23,密闭储存、防毒,213
乙醇,第1类（爆炸品）,A区-01室,648,张伟,2025-03-25,2025-03-26,防爆、防火,76
氰化物,第8类（腐蚀品）,B区-03室,767,张伟,2025-08-22,2025-09-01,防泄漏、防腐蚀,111
氯气,第1类（爆炸品）,B区-04室,119,张伟,2025-03-06,2025-03-18,防爆、防火,98
苯,第6.2类（感染性物质）,C区-05室,95,张伟,2025-07-30,2025-08-07,防感染、防泄漏,81
硝酸,第6.1类（毒性物质）,B区-04室,669,张伟,2025-10-26,2025-11-14,防毒、防泄漏,293
乙醇,第6.2类（感染性物质）,B区-03室,173,张伟,2025-06-15,2025-06-21,防感染、防泄漏,86
甲醇,第2.3类（毒性气体）,A区-02室,750,张伟,2025-06-25,2025-07-15,密闭储存、防毒,351
液化石油气,第6.2类（感染性物质）,B区-03室,981,张伟,2025-05-16,2025-05-22,防感染、防泄漏,61
液化石油气,第8类（腐蚀品）,A区-01室,992,张伟,2025-02-12,2025-02-15,防泄漏、防腐蚀,164
盐酸,第6.2类（感染性物质）,A区-01室,50,张伟,2025-06-18,2025-06-27,防感染、防泄漏,42
氯气,第3类（易燃液体）,B区-04室,270,张伟,2025-09-18,2025-10-02,通风、防火,2
硝酸,第1类（爆炸品）,B区-03室,374,张伟,2025-08-13,2025-08-24,防爆、防火,374
氰化物,第6.2类（感染性物质）,A区-02室,705,张伟,2025-08-20,2025-09-16,防感染、防泄漏,653
氯气,第6.1类（毒性物质）,B区-04室,512,张伟,2025-05-24,2025-06-18,防毒、防泄漏,344
苯,第3类（易燃液体）,A区-02室,672,张伟,2025-03-17,2025-03-21,通风、防火,100
氯气,第3类（易燃液体）,A区-01室,476,张伟,2025-09-26,2025-10-01,通风、防火,407
苯,第6.2类（感染性物质）,B区-03室,376,张伟,2025-09-30,2025-10-06,防感染、防泄漏,357
乙醇,第6.2类（感染性物质）,A区-01室,611,张伟,2025-10-29,2025-11-02,防感染、防泄漏,298
氰化物,第1类（爆炸品）,A区-01室,392,张伟,2025-05-25,2025-05-31,防爆、防火,126
苯,第1类（爆炸品）,B区-04室,401,张伟,2025-05-16,2025-05-19,防爆、防火,313
液化石油气,第6.1类（毒性物质）,C区-05室,126,张伟,2025-07-20,2025-07-21,防毒、防泄漏,120
甲醇,第3类（易燃液体）,B区-04室,216,张伟,2025-02-23,2025-02-26,通风、防火,76
硝酸,第8类（腐蚀品）,C区-05室,555,张伟,2025-09-09,2025-09-20,防泄漏、防腐蚀,62
乙醇,第2.3类（毒性气体）,A区-02室,391,张伟,2025-07-25,2025-07-31,密闭储存、防毒,379
盐酸,第1类（爆炸品）,A区-02室,879,张伟,2025-07-13,2025-08-12,防爆、防火,653
硫酸,第3类（易燃液体）,B区-04室,969,张伟,2025-01-02,2025-01-22,通风、防火,629
氯气,第8类（腐蚀品）,B区-03室,142,张伟,2025-09-14,2025-09-14,防泄漏、防腐蚀,132
硝酸,第8类（腐蚀品）,B区-03室,420,张伟,2025-06-10,2025-07-04,防泄漏、防腐蚀,207
乙醇,第6.2类（感染性物质）,B区-04室,96,张伟,2025-03-26,2025-04-24,防感染、防泄漏,13
硝酸,第8类（腐蚀品）,B区-03室,476,张伟,2025-04-26,2025-05-11,防泄漏、防腐蚀,230
乙醇,第8类（腐蚀品）,B区-03室,814,张伟,2025-10-18,2025-10-28,防泄漏、防腐蚀,280
氰化物,第3类（易燃液体）,B区-03室,977,张伟,2025-02-15,2025-02-19,通风、防火,61
硫酸,第2.3类（毒性气体）,B区-04室,522,张伟,2025-11-03,2025-11-04,密闭储存、防毒,138
氢氧化钠,第1类（爆炸品）,A区-01室,955,张伟,2025-06-23,2025-06-25,防爆、防火,778
盐酸,第6.2类（感染性物质）,A区-02室,383,张伟,2025-08-18,2025-08-27,防感染、防泄漏,67
苯,第3类（易燃液体）,C区-05室,281,张伟,2025-05-16,2025-05-17,通风、防火,169
乙醇,第6.1类（毒性物质）,B区-04室,718,张伟,2025-09-16,2025-10-06,防毒、防泄漏,206
甲醇,第8类（腐蚀品）,B区-04室,566,张伟,2025-09-02,2025-09-02,防泄漏、防腐蚀,162
氰化物,第6.2类（感染性物质）,A区-02室,597,张伟,2025-02-02,2025-02-18,防感染、防泄漏,145
盐酸,第1类（爆炸品）,A区-01室,380,张伟,2025-04-09,2025-05-03,防爆、防火,236
硫酸,第3类（易燃液体）,A区-01室,786,张伟,2025-07-25,2025-08-23,通风、防火,593
硫酸,第1类（爆炸品）,C区-05室,366,张伟,2025-03-31,2025-04-22,防爆、防火,317
盐酸,第1类（爆炸品）,B区-04室,549,张伟,2025-07-15,2025-07-19,防爆、防火,152
苯,第8类（腐蚀品）,C区-05室,207,张伟,2025-02-13,2025-02-21,防泄漏、防腐蚀,194
液化石油气,第3类（易燃液体）,A区-01室,547,张伟,2025-07-17,2025-08-13,通风、防火,408
乙醇,第6.1类（毒性物质）,A区-02室,742,张伟,2025-06-08,2025-07-07,防毒、防泄漏,91
氯气,第1类（爆炸品）,C区-05室,811,张伟,2025-03-10,2025-03-27,防爆、防火,532
甲醇,第2.3类（毒性气体）,A区-01室,151,张伟,2025-10-14,2025-10-19,密闭储存、防毒,142
甲醇,第8类（腐蚀品）,C区-05室,974,张伟,2025-01-06,2025-01-11,防泄漏、防腐蚀,812
氯气,第8类（腐蚀品）,A区-01室,897,张伟,2025-03-10,2025-04-06,防泄漏、防腐蚀,506
硫酸,第2.3类（毒性气体）,B区-04室,229,张伟,2025-08-03,2025-08-08,密闭储存、防毒,71
氰化物,第6.1类（毒性物质）,C区-05室,211,张伟,2025-01-24,2025-02-22,防毒、防泄漏,40
乙醇,第8类（腐蚀品）,A区-01室,313,张伟,2025-03-16,2025-04-09,防泄漏、防腐蚀,45
液化石油气,第2.3类（毒性气体）,B区-03室,681,张伟,2025-09-27,2025-10-17,密闭储存、防毒,372
乙醇,第8类（腐蚀品）,C区-05室,376,张伟,2025-03-26,2025-04-14,防泄漏、防腐蚀,354
硝酸,第2.3类（毒性气体）,A区-02室,874,张伟,2025-09-24,2025-10-15,密闭储存、防毒,394
盐酸,第2.3类（毒性气体）,B区-04室,306,张伟,2025-03-01,2025-03-30,密闭储存、防毒,193
氰化物,第6.2类（感染性物质）,B区-04室,446,张伟,2025-04-30,2025-05-15,防感染、防泄漏,36
氢氧化钠,第1类（爆炸品）,C区-05室,224,张伟,2025-11-18,2025-12-17,防爆、防火,223
液化石油气,第6.2类（感染性物质）,A区-01室,162,张伟,2025-11-11,2025-12-10,防感染、防泄漏,158
硫酸,第6.2类（感染性物质）,C区-05室,491,张伟,2025-08-12,2025-09-09,防感染、防泄漏,381
液化石油气,第6.1类（毒性物质）,B区-03室,435,张伟,2025-05-22,2025-06-12,防毒、防泄漏,101
甲醇,第3类（易燃液体）,B区-04室,860,张伟,2025-10-19,2025-10-19,通风、防火,180
氢氧化钠,第8类（腐蚀品）,A区-01室,295,张伟,2025-03-28,2025-03-29,防泄漏、防腐蚀,100
氢氧化钠,第2.3类（毒性气体）,A区-02室,950,张伟,2025-01-15,2025-02-09,密闭储存、防毒,243
甲醇,第8类（腐蚀品）,A区-01室,856,张伟,2025-07-17,2025-07-22,防泄漏、防腐蚀,377
硝酸,第3类（易燃液体）,B区-04室,210,张伟,2025-01-11,2025-02-01,通风、防火,18
甲醇,第6.2类（感染性物质）,C区-05室,811,张伟,2025-04-18,2025-05-11,防感染、防泄漏,114
盐酸,第8类（腐蚀品）,A区-01室,348,张伟,2025-06-08,2025-06-12,防泄漏、防腐蚀,87
硝酸,第6.1类（毒性物质）,C区-05室,93,张伟,2025-05-12,2025-05-17,防毒、防泄漏,58
氯气,第2.3类（毒性气体）,B区-04室,704,张伟,2025-10-04,2025-10-15,密闭储存、防毒,167
盐酸,第6.1类（毒性物质）,A区-02室,368,张伟,2025-02-17,2025-03-03,防毒、防泄漏,174
硫酸,第8类（腐蚀品）,B区-04室,288,张伟,2025-05-29,2025-06-25,防泄漏、防腐蚀,186
液化石油气,第3类（易燃液体）,B区-04室,729,张伟,2025-09-16,2025-10-01,通风、防火,697
盐酸,第2.3类（毒性气体）,A区-02室,952,张伟,2025-07-02,2025-07-13,密闭储存、防毒,379
氯气,第2.3类（毒性气体）,C区-05室,887,张伟,2025-07-20,2025-08-02,密闭储存、防毒,777
氰化物,第8类（腐蚀品）,A区-02室,658,张伟,2025-07-15,2025-07-15,防泄漏、防腐蚀,320
硝酸,第8类（腐蚀品）,A区-02室,454,张伟,2025-03-29,2025-04-06,防泄漏、防腐蚀,49
氯气,第8类（腐蚀品）,B区-04室,415,张伟,2025-04-10,2025-05-03,防泄漏、防腐蚀,415
苯,第1类（爆炸品）,A区-02室,270,张伟,2025-10-28,2025-11-25,防爆、防火,167
硫酸,第1类（爆炸品）,C区-05室,868,张伟,2025-05-13,2025-06-03,防爆、防火,411
液化石油气,第1类（爆炸品）,C区-05室,906,张伟,2025-02-26,2025-03-06,防爆、防火,654
乙醇,第6.2类（感染性物质）,A区-02室,594,张伟,2025-05-04,2025-06-01,防感染、防泄漏,471
液化石油气,第6.1类（毒性物质）,B区-04室,244,张伟,2025-02-07,2025-02-11,防毒、防泄漏,114
氯气,第1类（爆炸品）,C区-05室,923,张伟,2025-08-31,2025-09-30,防爆、防火,185
硫酸,第6.2类（感染性物质）,C区-05室,376,张伟,2025-03-14,2025-04-12,防感染、防泄漏,197
液化石油气,第6.2类（感染性物质）,B区-03室,657,张伟,2025-05-17,2025-05-24,防感染、防泄漏,33
苯,第6.1类（毒性物质）,C区-05室,672,张伟,2025-09-02,2025-09-06,防毒、防泄漏,245
乙醇,第3类（易燃液体）,C区-05室,969,张伟,2025-11-26,2025-11-28,通风、防火,787
乙醇,第6.2类（感染性物质）,B区-04室,351,张伟,2025-10-03,2025-10-24,防感染、防泄漏,337
乙醇,第1类（爆炸品）,A区-02室,615,张伟,2025-11-25,2025-12-08,防爆、防火,427
苯,第6.1类（毒性物质）,B区-03室,159,张伟,2025-05-10,2025-05-24,防毒、防泄漏,81
盐酸,第1类（爆炸品）,B区-04室,281,张伟,2025-03-07,2025-04-01,防爆、防火,276
氰化物,第3类（易燃液体）,A区-02室,305,张伟,2025-04-16,2025-05-06,通风、防火,232
盐酸,第2.3类（毒性气体）,A区-02室,659,张伟,2025-03-30,2025-04-12,密闭储存、防毒,271
甲醇,第1类（爆炸品）,B区-03室,874,张伟,2025-01-23,2025-02-07,防爆、防火,562
氯气,第8类（腐蚀品）,A区-01室,424,张伟,2025-06-15,2025-07-12,防泄漏、防腐蚀,38
苯,第8类（腐蚀品）,B区-04室,193,张伟,2025-01-30,2025-02-18,防泄漏、防腐蚀,131
盐酸,第2.3类（毒性气体）,A区-01室,986,张伟,2025-01-24,2025-02-02,密闭储存、防毒,970
硫酸,第6.1类（毒性物质）,B区-03室,524,张伟,2025-02-18,2025-03-16,防毒、防泄漏,331
氢氧化钠,第1类（爆炸品）,B区-04室,956,张伟,2025-03-14,2025-03-24,防爆、防火,893
硫酸,第3类（易燃液体）,A区-01室,102,张伟,2025-08-11,2025-08-14,通风、防火,45
盐酸,第6.2类（感染性物质）,A区-02室,74,张伟,2025-05-02,2025-05-23,防感染、防泄漏,14
苯,第1类（爆炸品）,B区-03室,267,张伟,2025-07-02,2025-07-05,防爆、防火,145
硫酸,第8类（腐蚀品）,A区-02室,405,张伟,2025-05-30,2025-06-10,防泄漏、防腐蚀,331
硝酸,第1类（爆炸品）,B区-04室,317,张伟,2025-11-30,2025-12-28,防爆、防火,260
氰化物,第3类（易燃液体）,A区-01室,683,张伟,2025-08-15,2025-09-02,通风、防火,669
硫酸,第8类（腐蚀品）,B区-03室,563,张伟,2025-11-09,2025-11-11,防泄漏、防腐蚀,182
液化石油气,第6.2类（感染性物质）,A区-01室,173,张伟,2025-07-14,2025-08-09,防感染、防泄漏,65
氯气,第1类（爆炸品）,C区-05室,895,张伟,2025-05-21,2025-06-07,防爆、防火,411
硝酸,第2.3类（毒性气体）,A区-02室,926,张伟,2025-06-04,2025-06-07,密闭储存、防毒,607
硝酸,第8类（腐蚀品）,A区-02室,248,张伟,2025-06-30,2025-07-19,防泄漏、防腐蚀,75
硫酸,第6.2类（感染性物质）,A区-01室,592,张伟,2025-09-24,2025-09-26,防感染、防泄漏,347
乙醇,第1类（爆炸品）,A区-02室,518,张伟,2025-07-27,2025-07-31,防爆、防火,217
液化石油气,第6.2类（感染性物质）,C区-05室,758,张伟,2025-10-08,2025-10-16,防感染、防泄漏,568
苯,第1类（爆炸品）,B区-03室,537,张伟,2025-04-19,2025-05-18,防爆、防火,191
氢氧化钠,第6.2类（感染性物质）,B区-03室,172,张伟,2025-06-25,2025-07-10,防感染、防泄漏,57
乙醇,第6.1类（毒性物质）,A区-01室,830,张伟,2025-07-01,2025-07-01,防毒、防泄漏,380
氢氧化钠,第1类（爆炸品）,A区-02室,388,张伟,2025-10-18,2025-11-17,防爆、防火,63
硝酸,第3类（易燃液体）,C区-05室,782,张伟,2025-01-25,2025-02-11,通风、防火,371
盐酸,第8类（腐蚀品）,B区-03室,702,张伟,2025-05-18,2025-05-19,防泄漏、防腐蚀,58
苯,第3类（易燃液体）,C区-05室,619,张伟,2025-01-02,2025-01-30,通风、防火,213
盐酸,第1类（爆炸品）,C区-05室,947,张伟,2025-06-19,2025-07-17,防爆、防火,939
硫酸,第8类（腐蚀品）,A区-02室,698,张伟,2025-06-26,2025-07-14,防泄漏、防腐蚀,45
硝酸,第6.2类（感染性物质）,B区-03室,847,张伟,2025-07-05,2025-07-05,防感染、防泄漏,367
甲醇,第6.1类（毒性物质）,A区-01室,343,张伟,2025-06-05,2025-06-28,防毒、防泄漏,230
硝酸,第6.2类（感染性物质）,B区-04室,923,张伟,2025-09-22,2025-10-05,防感染、防泄漏,379
氯气,第1类（爆炸品）,C区-05室,276,张伟,2025-09-19,2025-10-06,防爆、防火,37
氯气,第1类（爆炸品）,C区-05室,323,张伟,2025-07-25,2025-08-22,防爆、防火,187
氯气,第1类（爆炸品）,B区-03室,54,张伟,2025-09-13,2025-09-16,防爆、防火,42
甲醇,第8类（腐蚀品）,A区-01室,84,张伟,2025-03-04,2025-03-09,防泄漏、防腐蚀,68
氯气,第6.2类（感染性物质）,A区-02室,182,张伟,2025-05-07,2025-05-25,防感染、防泄漏,87
氯气,第1类（爆炸品）,A区-02室,111,张伟,2025-03-29,2025-04-08,防爆、防火,102
苯,第8类（腐蚀品）,B区-04室,376,张伟,2025-05-22,2025-06-01,防泄漏、防腐蚀,345
硝酸,第3类（易燃液体）,B区-04室,191,张伟,2025-11-23,2025-12-23,通风、防火,28
硝酸,第6.2类（感染性物质）,C区-05室,294,张伟,2025-02-27,2025-03-15,防感染、防泄漏,219
氢氧化钠,第3类（易燃液体）,A区-02室,194,张伟,2025-08-14,2025-09-12,通风、防火,18
氯气,第6.1类（毒性物质）,A区-02室,254,张伟,2025-08-20,2025-09-06,防毒、防泄漏,131
硝酸,第1类（爆炸品）,B区-04室,450,张伟,2025-03-22,2025-04-03,防爆、防火,141
氰化物,第6.1类（毒性物质）,A区-01室,884,张伟,2025-08-19,2025-08-31,防毒、防泄漏,69
乙醇,第3类（易燃液体）,C区-05室,669,张伟,2025-09-05,2025-10-03,通风、防火,649
液化石油气,第2.3类（毒性气体）,A区-01室,696,张伟,2025-07-16,2025-08-09,密闭储存、防毒,199
硝酸,第2.3类（毒性气体）,A区-02室,525,张伟,2025-10-31,2025-11-25,密闭储存、防毒,220
硝酸,第8类（腐蚀品）,A区-02室,313,张伟,2025-03-29,2025-04-16,防泄漏、防腐蚀,76
盐酸,第6.2类（感染性物质）,A区-01室,957,张伟,2025-04-11,2025-04-29,防感染、防泄漏,432
液化石油气,第1类（爆炸品）,A区-02室,461,张伟,2025-09-28,2025-09-30,防爆、防火,109
盐酸,第6.2类（感染性物质）,A区-02室,504,张伟,2025-11-28,2025-12-05,防感染、防泄漏,86
氢氧化钠,第2.3类（毒性气体）,C区-05室,678,张伟,2025-03-14,2025-03-27,密闭储存、防毒,193
乙醇,第6.2类（感染性物质）,C区-05室,857,张伟,2025-05-18,2025-06-16,防感染、防泄漏,467
氢氧化钠,第1类（爆炸品）,B区-04室,284,张伟,2025-08-21,2025-09-07,防爆、防火,35
液化石油气,第8类（腐蚀品）,B区-03室,707,张伟,2025-09-25,2025-10-05,防泄漏、防腐蚀,337
硝酸,第6.1类（毒性物质）,B区-04室,612,张伟,2025-04-01,2025-04-07,防毒、防泄漏,293
甲醇,第3类（易燃液体）,B区-04室,412,张伟,2025-05-14,2025-06-10,通风、防火,358
甲醇,第6.1类（毒性物质）,A区-02室,778,张伟,2025-07-22,2025-08-04,防毒、防泄漏,76
氰化物,第8类（腐蚀品）,A区-01室,676,张伟,2025-04-12,2025-05-01,防泄漏、防腐蚀,351
液化石油气,第1类（爆炸品）,A区-01室,102,张伟,2025-01-22,2025-02-18,防爆、防火,84
液化石油气,第8类（腐蚀品）,A区-01室,64,张伟,2025-07-08,2025-07-10,防泄漏、防腐蚀,61
甲醇,第1类（爆炸品）,B区-04室,205,张伟,2025-11-21,2025-12-20,防爆、防火,199
氰化物,第3类（易燃液体）,A区-01室,495,张伟,2025-04-10,2025-04-21,通风、防火,388
乙醇,第6.2类（感染性物质）,A区-02室,242,张伟,2025-07-28,2025-08-04,防感染、防泄漏,32
硫酸,第1类（爆炸品）,A区-02室,481,张伟,2025-01-28,2025-02-22,防爆、防火,52
氢氧化钠,第6.1类（毒性物质）,A区-02室,244,张伟,2025-03-18,2025-04-12,防毒、防泄漏,199
甲醇,第8类（腐蚀品）,B区-04室,801,张伟,2025-10-09,2025-10-21,防泄漏、防腐蚀,136
硝酸,第8类（腐蚀品）,B区-03室,266,张伟,2025-01-05,2025-01-16,防泄漏、防腐蚀,4
氯气,第3类（易燃液体）,A区-01室,72,张伟,2025-06-23,2025-07-01,通风、防火,71
苯,第1类（爆炸品）,A区-02室,622,张伟,2025-10-30,2025-11-28,防爆、防火,613
氢氧化钠,第1类（爆炸品）,A区-02室,891,张伟,2025-10-05,2025-10-25,防爆、防火,130
乙醇,第6.2类（感染性物质）,B区-04室,338,张伟,2025-10-17,2025-11-13,防感染、防泄漏,220
乙醇,第3类（易燃液体）,A区-01室,738,张伟,2025-03-16,2025-04-07,通风、防火,373
氯气,第1类（爆炸品）,C区-05室,207,张伟,2025-04-04,2025-04-10,防爆、防火,91
硫酸,第6.2类（感染性物质）,C区-05室,459,张伟,2025-08-01,2025-08-30,防感染、防泄漏,38
液化石油气,第6.2类（感染性物质）,B区-03室,91,张伟,2025-09-24,2025-09-28,防感染、防泄漏,45
氢氧化钠,第3类（易燃液体）,A区-02室,974,张伟,2025-07-08,2025-07-25,通风、防火,260
液化石油气,第8类（腐蚀品）,C区-05室,487,张伟,2025-07-11,2025-08-08,防泄漏、防腐蚀,366
硝酸,第3类（易燃液体）,C区-05室,883,张伟,2025-06-21,2025-07-13,通风、防火,336
苯,第6.2类（感染性物质）,B区-03室,478,张伟,2025-11-04,2025-11-14,防感染、防泄漏,39
氯气,第6.1类（毒性物质）,C区-05室,652,张伟,2025-07-10,2025-07-29,防毒、防泄漏,117
苯,第2.3类（毒性气体）,A区-01室,380,张伟,2025-05-26,2025-06-04,密闭储存、防毒,7
盐酸,第3类（易燃液体）,B区-03室,418,张伟,2025-07-06,2025-07-16,通风、防火,35
甲醇,第8类（腐蚀品）,C区-05室,643,张伟,2025-10-07,2025-10-23,防泄漏、防腐蚀,591
盐酸,第6.2类（感染性物质）,C区-05室,298,张伟,2025-11-07,2025-11-07,防感染、防泄漏,271
乙醇,第8类（腐蚀品）,A区-01室,378,张伟,2025-09-06,2025-09-18,防泄漏、防腐蚀,212
硫酸,第6.2类（感染性物质）,B区-03室,52,张伟,2025-07-19,2025-08-11,防感染、防泄漏,10
盐酸,第2.3类（毒性气体）,C区-05室,869,张伟,2025-05-05,2025-05-11,密闭储存、防毒,344
苯,第8类（腐蚀品）,B区-03室,797,张伟,2025-02-06,2025-02-11,防泄漏、防腐蚀,461
氰化物,第2.3类（毒性气体）,B区-03室,804,张伟,2025-07-05,2025-07-23,密闭储存、防毒,580
盐酸,第6.1类（毒性物质）,C区-05室,977,张伟,2025-02-02,2025-02-25,防毒、防泄漏,120
乙醇,第1类（爆炸品）,C区-05室,884,张伟,2025-01-27,2025-02-01,防爆、防火,817
液化石油气,第3类（易燃液体）,B区-03室,456,张伟,2025-03-13,2025-03-29,通风、防火,166
硝酸,第6.2类（感染性物质）,A区-02室,993,张伟,2025-08-05,2025-08-20,防感染、防泄漏,526
硝酸,第8类（腐蚀品）,A区-01室,463,张伟,2025-10-14,2025-11-11,防泄漏、防腐蚀,430
液化石油气,第8类（腐蚀品）,B区-03室,733,张伟,2025-02-23,2025-02-28,防泄漏、防腐蚀,585
盐酸,第1类（爆炸品）,B区-03室,333,张伟,2025-04-29,2025-05-16,防爆、防火,118
硝酸,第6.2类（感染性物质）,A区-01室,379,张伟,2025-06-25,2025-07-14,防感染、防泄漏,221
盐酸,第6.1类（毒性物质）,C区-05室,570,张伟,2025-08-03,2025-08-26,防毒、防泄漏,28
液化石油气,第6.2类（感染性物质）,B区-03室,839,张伟,2025-04-12,2025-04-26,防感染、防泄漏,721
盐酸,第8类（腐蚀品）,A区-01室,284,张伟,2025-04-20,2025-05-08,防泄漏、防腐蚀,282
硫酸,第6.1类（毒性物质）,B区-04室,745,张伟,2025-09-02,2025-09-10,防毒、防泄漏,596
乙醇,第6.1类（毒性物质）,A区-01室,811,张伟,2025-04-20,2025-04-25,防毒、防泄漏,593
盐酸,第6.2类（感染性物质）,B区-04室,977,张伟,2025-02-04,2025-02-26,防感染、防泄漏,485
硝酸,第8类（腐蚀品）,A区-02室,160,张伟,2025-08-01,2025-08-01,防泄漏、防腐蚀,106
甲醇,第1类（爆炸品）,A区-02室,326,张伟,2025-11-27,2025-11-29,防爆、防火,234
氰化物,第1类（爆炸品）,A区-02室,847,张伟,2025-03-12,2025-04-06,防爆、防火,831
氢氧化钠,第2.3类（毒性气体）,A区-02室,58,张伟,2025-09-09,2025-09-25,密闭储存、防毒,24
硝酸,第6.1类（毒性物质）,A区-02室,498,张伟,2025-08-10,2025-08-31,防毒、防泄漏,302
液化石油气,第3类（易燃液体）,B区-03室,894,张伟,2025-09-27,2025-10-26,通风、防火,8
硫酸,第3类（易燃液体）,A区-02室,383,张伟,2025-10-20,2025-10-29,通风、防火,171
甲醇,第3类（易燃液体）,B区-03室,248,张伟,2025-09-04,2025-09-17,通风、防火,76
硝酸,第2.3类（毒性气体）,C区-05室,636,张伟,2025-09-21,2025-10-02,密闭储存、防毒,183
氢氧化钠,第2.3类（毒性气体）,C区-05室,512,张伟,2025-10-10,2025-10-13,密闭储存、防毒,184
氰化物,第8类（腐蚀品）,B区-04室,118,张伟,2025-09-02,2025-09-07,防泄漏、防腐蚀,6
氰化物,第3类（易燃液体）,A区-01室,410,张伟,2025-01-04,2025-01-09,通风、防火,161
